"동별(1)",동별(2),동별(3),2024 4/4,2024 4/4,2024 4/4,2024 4/4,2024 4/4,2024 4/4,2024 4/4,2024 4/4,2024 4/4,2024 4/4,2024 4/4,2024 4/4
"동별(1)",동별(2),동별(3),세대 (세대),계 (명),계 (명),계 (명),한국인 (명),한국인 (명),한국인 (명),등록외국인 (명),등록외국인 (명),등록외국인 (명),세대당인구 (명),65세이상고령자 (명)
"동별(1)",동별(2),동별(3),소계,소계,남자,여자,소계,남자,여자,소계,남자,여자,소계,소계
"합계",소계,소계,4482063,9597372,4619963,4977409,9331828,4505355,4826473,265544,114608,150936,2.08,1824895
"합계",종로구,소계,72166,149608,71365,78243,138336,66570,71766,11272,4795,6477,1.92,29840
"합계",종로구,사직동,4557,9208,4105,5103,8962,3960,5002,246,145,101,1.97,1941
"합계",종로구,삼청동,1107,2460,1191,1269,2219,1065,1154,241,126,115,2,651
"합계",종로구,부암동,4135,9318,4371,4947,9051,4247,4804,267,124,143,2.19,1993
"합계",종로구,평창동,7134,17454,8103,9351,17251,7997,9254,203,106,97,2.42,3832
"합계",종로구,무악동,2986,7867,3604,4263,7839,3590,4249,28,14,14,2.63,1546
"합계",종로구,교남동,4302,9713,4480,5233,9552,4389,5163,161,91,70,2.22,1753
"합계",종로구,가회동,1875,3882,1825,2057,3778,1770,2008,104,55,49,2.01,879
"합계",종로구,종로1.2.3.4가동,4898,8549,4931,3618,6668,4001,2667,1881,930,951,1.36,1847
"합계",종로구,종로5.6가동,3533,5852,3056,2796,5294,2781,2513,558,275,283,1.5,1116
"합계",종로구,이화동,4350,7533,3480,4053,7009,3272,3737,524,208,316,1.61,1409
"합계",종로구,창신1동,2653,5423,2851,2572,4495,2355,2140,928,496,432,1.69,1302
"합계",종로구,창신2동,3910,8574,4407,4167,7333,3778,3555,1241,629,612,1.88,1970
"합계",종로구,창신3동,2731,6446,3184,3262,6231,3066,3165,215,118,97,2.28,1395
"합계",종로구,숭인1동,2992,6075,2913,3162,5728,2769,2959,347,144,203,1.91,1356
"합계",종로구,숭인2동,6911,11073,5176,5897,10074,4904,5170,999,272,727,1.46,1847
"합계",종로구,청운효자동,4954,11158,5097,6061,11030,5028,6002,128,69,59,2.23,2230
"합계",종로구,혜화동,9138,19023,8591,10432,15822,7598,8224,3201,993,2208,1.73,2773
"합계",중구,소계,64995,131214,62924,68290,120544,58015,62529,10670,4909,5761,1.85,26853
"합계",중구,소공동,1243,3495,1717,1778,2163,1002,1161,1332,715,617,1.74,345
"합계",중구,회현동,2480,4979,2581,2398,4301,2237,2064,678,344,334,1.73,1388
"합계",중구,명동,1331,3381,1475,1906,2529,1041,1488,852,434,418,1.9,784
"합계",중구,필동,2780,5328,2614,2714,4341,2219,2122,987,395,592,1.56,928
"합계",중구,장충동,2864,5499,2772,2727,4546,2363,2183,953,409,544,1.59,932
"합계",중구,광희동,3949,7088,3437,3651,5727,2815,2912,1361,622,739,1.45,1213
"합계",중구,을지로동,2113,3449,1841,1608,3095,1669,1426,354,172,182,1.46,515
"합계",중구,신당5동,5412,10443,5042,5401,10080,4894,5186,363,148,215,1.86,2035
"합계",중구,황학동,7859,13991,6530,7461,13101,6156,6945,890,374,516,1.67,2250
"합계",중구,중림동,5946,12405,6034,6371,12060,5878,6182,345,156,189,2.03,2267
"합계",중구,신당동,4706,8862,4234,4628,7411,3599,3812,1451,635,816,1.57,1669
"합계",중구,다산동,6724,13510,6507,7003,13030,6296,6734,480,211,269,1.94,3056
"합계",중구,약수동,7711,16167,7434,8733,15935,7318,8617,232,116,116,2.07,4262
"합계",중구,청구동,5896,12626,5911,6715,12397,5808,6589,229,103,126,2.1,2963
"합계",중구,동화동,3981,9991,4795,5196,9828,4720,5108,163,75,88,2.47,2246
"합계",용산구,소계,103241,217194,104540,112654,203854,97469,106385,13340,7071,6269,1.97,39407
"합계",용산구,후암동,8272,16283,7838,8445,15804,7591,8213,479,247,232,1.91,3218
"합계",용산구,용산2가동,4985,10104,4942,5162,8690,4269,4421,1414,673,741,1.74,2142
"합계",용산구,남영동,4804,7258,4374,2884,6739,4104,2635,519,270,249,1.4,1627
"합계",용산구,원효로1동,9347,17764,8261,9503,17020,7866,9154,744,395,349,1.82,2185
"합계",용산구,원효로2동,6280,13652,6414,7238,13522,6362,7160,130,52,78,2.15,2574
"합계",용산구,효창동,4692,10646,4975,5671,10484,4906,5578,162,69,93,2.23,1670
"합계",용산구,용문동,5271,11268,5305,5963,11161,5265,5896,107,40,67,2.12,2347
"합계",용산구,이촌1동,9094,25493,11977,13516,24955,11680,13275,538,297,241,2.74,4650
"합계",용산구,이촌2동,3568,7773,3624,4149,7711,3598,4113,62,26,36,2.16,1879
"합계",용산구,이태원1동,3416,7640,4046,3594,6030,3005,3025,1610,1041,569,1.77,1464
"합계",용산구,이태원2동,4786,10039,4819,5220,8507,4060,4447,1532,759,773,1.78,1869
"합계",용산구,서빙고동,5101,13175,6370,6805,12467,6002,6465,708,368,340,2.44,2346
"합계",용산구,보광동,4099,8167,4281,3886,7187,3602,3585,980,679,301,1.75,1773
"합계",용산구,청파동,11143,19343,8830,10513,18603,8619,9984,740,211,529,1.67,3474
"합계",용산구,한강로동,11223,22642,10825,11817,20901,9903,10998,1741,922,819,1.86,3453
"합계",용산구,한남동,7160,15947,7659,8288,14073,6637,7436,1874,1022,852,1.97,2736
"합계",성동구,소계,131953,281289,135575,145714,273669,132409,141260,7620,3166,4454,2.07,51245
"합계",성동구,왕십리2동,7373,16333,7784,8549,15950,7628,8322,383,156,227,2.16,2887
"합계",성동구,마장동,10795,22074,10742,11332,21344,10487,10857,730,255,475,1.98,4317
"합계",성동구,사근동,8192,14134,7031,7103,11927,6227,5700,2207,804,1403,1.46,1594
"합계",성동구,행당1동,6505,14032,6641,7391,13736,6543,7193,296,98,198,2.11,2368
"합계",성동구,행당2동,9183,22716,10588,12128,22620,10554,12066,96,34,62,2.46,4305
"합계",성동구,응봉동,5909,14798,7013,7785,14723,6978,7745,75,35,40,2.49,2687
"합계",성동구,금호1가동,6429,14680,6957,7723,14580,6909,7671,100,48,52,2.27,2958
"합계",성동구,금호4가동,6395,14235,6716,7519,14074,6635,7439,161,81,80,2.2,2762
"합계",성동구,성수1가1동,7377,15501,7687,7814,15202,7532,7670,299,155,144,2.06,2623
"합계",성동구,성수1가2동,5825,11927,5791,6136,11696,5674,6022,231,117,114,2.01,2161
"합계",성동구,성수2가1동,7472,14610,7530,7080,14158,7324,6834,452,206,246,1.89,3155
"합계",성동구,성수2가3동,5012,9884,4900,4984,9643,4779,4864,241,121,120,1.92,1931
"합계",성동구,송정동,5259,9900,5169,4731,9453,4949,4504,447,220,227,1.8,1995
"합계",성동구,용답동,7831,13044,6617,6427,12055,6206,5849,989,411,578,1.54,2393
"합계",성동구,왕십리도선동,12128,26544,12434,14110,26071,12239,13832,473,195,278,2.15,4308
"합계",성동구,금호2.3가동,9554,21329,10131,11198,21148,10052,11096,181,79,102,2.21,4153
"합계",성동구,옥수동,10714,25548,11844,13704,25289,11693,13596,259,151,108,2.36,4648
"합계",광진구,소계,169931,348652,166045,182607,331963,159237,172726,16689,6808,9881,1.95,59743
"합계",광진구,화양동,18011,27761,12399,15362,22880,10797,12083,4881,1602,3279,1.27,2472
"합계",광진구,군자동,11223,21431,10454,10977,18729,9206,9523,2702,1248,1454,1.67,3431
"합계",광진구,중곡1동,8673,15612,7403,8209,15111,7174,7937,501,229,272,1.74,2865
"합계",광진구,중곡2동,10548,20540,9635,10905,20172,9495,10677,368,140,228,1.91,3847
"합계",광진구,중곡3동,8473,15692,7710,7982,15379,7591,7788,313,119,194,1.82,3281
"합계",광진구,중곡4동,13001,27724,13462,14262,27284,13288,13996,440,174,266,2.1,6034
"합계",광진구,능동,6452,11354,5231,6123,10903,5002,5901,451,229,222,1.69,1789
"합계",광진구,구의1동,13191,23676,11181,12495,22961,10900,12061,715,281,434,1.74,3675
"합계",광진구,구의2동,11471,25925,12291,13634,25295,12014,13281,630,277,353,2.21,5024
"합계",광진구,구의3동,12040,27903,13135,14768,27657,13027,14630,246,108,138,2.3,4832
"합계",광진구,광장동,11863,34040,16398,17642,33788,16287,17501,252,111,141,2.85,4406
"합계",광진구,자양1동,12090,22694,10969,11725,21762,10557,11205,932,412,520,1.8,4033
"합계",광진구,자양2동,10953,23716,11453,12263,23381,11311,12070,335,142,193,2.13,4639
"합계",광진구,자양3동,10998,27339,13069,14270,27010,12924,14086,329,145,184,2.46,4970
"합계",광진구,자양4동,10944,23245,11255,11990,19651,9664,9987,3594,1591,2003,1.8,4445
"합계",동대문구,소계,172840,358603,173000,185603,338735,165620,173115,19868,7380,12488,1.96,69582
"합계",동대문구,전농1동,16531,33761,16665,17096,32864,16332,16532,897,333,564,1.99,6460
"합계",동대문구,전농2동,7464,18117,8545,9572,17664,8360,9304,453,185,268,2.37,4111
"합계",동대문구,답십리1동,12992,28279,13496,14783,27835,13309,14526,444,187,257,2.14,4605
"합계",동대문구,답십리2동,12391,27438,13110,14328,27059,12946,14113,379,164,215,2.18,6232
"합계",동대문구,장안1동,18321,37868,18535,19333,37110,18245,18865,758,290,468,2.03,7528
"합계",동대문구,장안2동,14647,33304,16370,16934,32917,16238,16679,387,132,255,2.25,6079
"합계",동대문구,회기동,6552,13517,6016,7501,10229,4810,5419,3288,1206,2082,1.56,1586
"합계",동대문구,휘경1동,7583,16027,7129,8898,13427,6248,7179,2600,881,1719,1.77,2216
"합계",동대문구,휘경2동,12742,25247,12387,12860,24067,11996,12071,1180,391,789,1.89,4463
"합계",동대문구,이문1동,10075,20300,9581,10719,16546,8131,8415,3754,1450,2304,1.64,3173
"합계",동대문구,이문2동,8518,19732,9474,10258,19030,9133,9897,702,341,361,2.23,4425
"합계",동대문구,청량리동,10059,19130,9357,9773,18473,9084,9389,657,273,384,1.84,5895
"합계",동대문구,용신동,21879,40422,19707,20715,38619,19051,19568,1803,656,1147,1.77,6934
"합계",동대문구,제기동,13086,25461,12628,12833,22895,11737,11158,2566,891,1675,1.75,5875
"합계",중랑구,소계,188651,385349,187910,197439,379274,185473,193801,6075,2437,3638,2.01,83492
"합계",중랑구,면목2동,12159,23648,11660,11988,23237,11501,11736,411,159,252,1.91,5353
"합계",중랑구,면목4동,8918,18256,9045,9211,17900,8896,9004,356,149,207,2.01,4269
"합계",중랑구,면목5동,6344,14376,7092,7284,14208,7035,7173,168,57,111,2.24,2686
"합계",중랑구,면목7동,10512,21381,10547,10834,20974,10396,10578,407,151,256,2,4971
"합계",중랑구,상봉1동,10081,23000,11147,11853,22837,11084,11753,163,63,100,2.27,4580
"합계",중랑구,상봉2동,13111,21381,9999,11382,20842,9787,11055,539,212,327,1.59,3436
"합계",중랑구,중화1동,8858,18573,9144,9429,18312,9043,9269,261,101,160,2.07,4250
"합계",중랑구,중화2동,13422,24015,12219,11796,23461,11986,11475,554,233,321,1.75,5708
"합계",중랑구,묵1동,14912,33549,15942,17607,33310,15849,17461,239,93,146,2.23,6754
"합계",중랑구,묵2동,9182,18245,8925,9320,17921,8793,9128,324,132,192,1.95,4145
"합계",중랑구,망우3동,8166,15902,7902,8000,15396,7701,7695,506,201,305,1.89,3903
"합계",중랑구,신내1동,14723,37308,17916,19392,37124,17837,19287,184,79,105,2.52,8037
"합계",중랑구,신내2동,8872,19417,9132,10285,19330,9111,10219,87,21,66,2.18,4793
"합계",중랑구,면목본동,17812,33216,16267,16949,32345,15899,16446,871,368,503,1.82,6951
"합계",중랑구,면목3.8동,12724,24398,11992,12406,23884,11768,12116,514,224,290,1.88,5788
"합계",중랑구,망우본동,18855,38684,18981,19703,38193,18787,19406,491,194,297,2.03,7868
"합계",성북구,소계,196485,435037,206945,228092,421560,202003,219557,13477,4942,8535,2.15,83568
"합계",성북구,돈암1동,6010,14146,6612,7534,14033,6563,7470,113,49,64,2.33,3281
"합계",성북구,돈암2동,8531,23351,11036,12315,23232,10978,12254,119,58,61,2.72,3996
"합계",성북구,안암동,10082,17792,8507,9285,15250,7679,7571,2542,828,1714,1.51,2270
"합계",성북구,보문동,8128,16482,7887,8595,16019,7709,8310,463,178,285,1.97,2796
"합계",성북구,정릉1동,7281,17850,8503,9347,17617,8426,9191,233,77,156,2.42,3516
"합계",성북구,정릉2동,9780,22428,10713,11715,22135,10616,11519,293,97,196,2.26,5025
"합계",성북구,정릉3동,7959,15893,7745,8148,14161,6975,7186,1732,770,962,1.78,3315
"합계",성북구,정릉4동,10769,24422,11547,12875,23850,11399,12451,572,148,424,2.21,5450
"합계",성북구,길음1동,12820,35706,16873,18833,35547,16816,18731,159,57,102,2.77,5175
"합계",성북구,길음2동,8478,21518,10283,11235,21394,10225,11169,124,58,66,2.52,3380
"합계",성북구,월곡1동,10690,25434,12208,13226,25182,12116,13066,252,92,160,2.36,5386
"합계",성북구,월곡2동,9580,19434,9157,10277,18693,8868,9825,741,289,452,1.95,4019
"합계",성북구,장위1동,10579,23300,11301,11999,23048,11199,11849,252,102,150,2.18,4623
"합계",성북구,장위2동,6554,13142,6414,6728,12856,6289,6567,286,125,161,1.96,3379
"합계",성북구,장위3동,6417,15520,7562,7958,15384,7506,7878,136,56,80,2.4,2458
"합계",성북구,성북동,8086,16401,7645,8756,15827,7395,8432,574,250,324,1.96,3244
"합계",성북구,삼선동,11431,22569,10586,11983,21913,10396,11517,656,190,466,1.92,4297
"합계",성북구,동선동,9734,15985,6364,9621,14920,6094,8826,1065,270,795,1.53,2274
"합계",성북구,종암동,16929,39230,19096,20134,37051,18283,18768,2179,813,1366,2.19,7606
"합계",성북구,석관동,16647,34434,16906,17528,33448,16471,16977,986,435,551,2.01,8078
"합계",강북구,소계,143063,289374,138730,150644,283597,136789,146808,5777,1941,3836,1.98,71411
"합계",강북구,번1동,9652,17035,8318,8717,16236,8033,8203,799,285,514,1.68,3664
"합계",강북구,번2동,7418,14697,7003,7694,14573,6959,7614,124,44,80,1.96,4421
"합계",강북구,번3동,7632,16087,7437,8650,16016,7418,8598,71,19,52,2.1,5115
"합계",강북구,수유1동,10479,20036,9693,10343,19584,9565,10019,452,128,324,1.87,4929
"합계",강북구,수유2동,9728,20450,9668,10782,20225,9594,10631,225,74,151,2.08,5588
"합계",강북구,수유3동,13628,23936,11489,12447,22759,11137,11622,1177,352,825,1.67,5259
"합계",강북구,삼양동,11482,24173,11911,12262,23945,11833,12112,228,78,150,2.09,5677
"합계",강북구,미아동,11734,21400,10097,11303,20556,9818,10738,844,279,565,1.75,5103
"합계",강북구,송중동,13691,28643,13599,15044,27896,13310,14586,747,289,458,2.04,6682
"합계",강북구,송천동,12395,23828,11760,12068,23365,11569,11796,463,191,272,1.89,6578
"합계",강북구,삼각산동,11510,30372,14576,15796,30257,14532,15725,115,44,71,2.63,5201
"합계",강북구,우이동,9600,19805,9383,10422,19604,9318,10286,201,65,136,2.04,5391
"합계",강북구,인수동,14114,28912,13796,15116,28581,13703,14878,331,93,238,2.03,7803
"합계",도봉구,소계,138759,306032,147685,158347,303228,146696,156532,2804,989,1815,2.19,74223
"합계",도봉구,쌍문1동,9556,21042,9878,11164,20581,9784,10797,461,94,367,2.15,5228
"합계",도봉구,쌍문2동,8416,17816,8497,9319,17617,8395,9222,199,102,97,2.09,4476
"합계",도봉구,쌍문3동,8182,16416,7783,8633,16154,7707,8447,262,76,186,1.97,3845
"합계",도봉구,쌍문4동,7106,17927,8419,9508,17866,8408,9458,61,11,50,2.51,3760
"합계",도봉구,방학1동,12900,27540,13562,13978,27240,13438,13802,300,124,176,2.11,6770
"합계",도봉구,방학2동,9101,18303,9164,9139,18085,9069,9016,218,95,123,1.99,5015
"합계",도봉구,방학3동,9915,25917,12530,13387,25833,12509,13324,84,21,63,2.61,6139
"합계",도봉구,창1동,10943,23946,11386,12560,23739,11308,12431,207,78,129,2.17,5323
"합계",도봉구,창2동,12569,28001,13523,14478,27686,13405,14281,315,118,197,2.2,6156
"합계",도봉구,창3동,6365,13019,6466,6553,12912,6425,6487,107,41,66,2.03,3280
"합계",도봉구,창4동,11300,26405,12582,13823,26295,12533,13762,110,49,61,2.33,5138
"합계",도봉구,창5동,10308,23772,11251,12521,23623,11200,12423,149,51,98,2.29,5147
"합계",도봉구,도봉1동,10206,19780,9868,9912,19603,9801,9802,177,67,110,1.92,6430
"합계",도봉구,도봉2동,11892,26148,12776,13372,25994,12714,13280,154,62,92,2.19,7516
"합계",노원구,소계,217743,496552,237632,258920,491247,235464,255783,5305,2168,3137,2.26,100579
"합계",노원구,월계1동,9998,21162,10792,10370,20318,10415,9903,844,377,467,2.03,4619
"합계",노원구,월계2동,11663,25359,12124,13235,25179,12053,13126,180,71,109,2.16,6604
"합계",노원구,월계3동,12870,28430,13552,14878,28257,13493,14764,173,59,114,2.2,6877
"합계",노원구,공릉1동,18664,36339,17487,18852,35551,17150,18401,788,337,451,1.9,7473
"합계",노원구,공릉2동,17938,42337,20383,21954,41322,20046,21276,1015,337,678,2.3,6577
"합계",노원구,하계1동,12260,26430,12599,13831,25747,12279,13468,683,320,363,2.1,5138
"합계",노원구,하계2동,8133,20926,9945,10981,20868,9925,10943,58,20,38,2.57,3741
"합계",노원구,중계본동,7964,22671,10984,11687,22606,10954,11652,65,30,35,2.84,2752
"합계",노원구,중계1동,8922,26260,12776,13484,26153,12735,13418,107,41,66,2.93,2918
"합계",노원구,중계4동,8177,19064,9226,9838,18863,9060,9803,201,166,35,2.31,4384
"합계",노원구,상계1동,15544,36588,17568,19020,36418,17505,18913,170,63,107,2.34,8427
"합계",노원구,상계2동,8500,19053,9374,9679,18837,9293,9544,216,81,135,2.22,3987
"합계",노원구,상계5동,10896,22752,11039,11713,22578,10985,11593,174,54,120,2.07,5747
"합계",노원구,상계8동,9106,21594,10241,11353,21533,10228,11305,61,13,48,2.36,3380
"합계",노원구,상계9동,8341,19317,8995,10322,19223,8964,10259,94,31,63,2.3,4032
"합계",노원구,상계10동,7610,17972,8254,9718,17909,8225,9684,63,29,34,2.35,3185
"합계",노원구,중계2.3동,14826,31858,14429,17429,31733,14386,17347,125,43,82,2.14,8099
"합계",노원구,상계3.4동,12432,27266,13523,13743,27152,13490,13662,114,33,81,2.18,6904
"합계",노원구,상계6.7동,13899,31174,14341,16833,31000,14278,16722,174,63,111,2.23,5735
"합계",은평구,소계,215305,465350,219994,245356,460919,218214,242705,4431,1780,2651,2.14,98063
"합계",은평구,녹번동,17481,35987,16761,19226,35578,16578,19000,409,183,226,2.04,7982
"합계",은평구,불광1동,17972,37564,17586,19978,37311,17471,19840,253,115,138,2.08,8702
"합계",은평구,불광2동,14135,26813,12855,13958,26566,12761,13805,247,94,153,1.88,6722
"합계",은평구,갈현1동,7220,14326,6882,7444,14180,6828,7352,146,54,92,1.96,3334
"합계",은평구,갈현2동,12753,27577,12941,14636,27308,12846,14462,269,95,174,2.14,5807
"합계",은평구,구산동,13499,31254,15132,16122,31045,15048,15997,209,84,125,2.3,7016
"합계",은평구,대조동,15533,27647,12694,14953,27248,12555,14693,399,139,260,1.75,5612
"합계",은평구,응암1동,15059,32546,15127,17419,32175,14974,17201,371,153,218,2.14,5931
"합계",은평구,응암2동,10994,27353,13185,14168,27142,13093,14049,211,92,119,2.47,4450
"합계",은평구,응암3동,12551,23656,11378,12278,23196,11188,12008,460,190,270,1.85,6205
"합계",은평구,신사1동,11973,26253,12492,13761,26030,12416,13614,223,76,147,2.17,5826
"합계",은평구,신사2동,8688,18887,9287,9600,18710,9235,9475,177,52,125,2.15,4361
"합계",은평구,증산동,6857,15994,7733,8261,15850,7663,8187,144,70,74,2.31,3345
"합계",은평구,수색동,8522,21348,10283,11065,21124,10186,10938,224,97,127,2.48,3431
"합계",은평구,진관동,21183,53720,24880,28840,53503,24792,28711,217,88,129,2.53,9607
"합계",은평구,역촌동,20885,44425,20778,23647,43953,20580,23373,472,198,274,2.1,9732
"합계",서대문구,소계,146221,318622,148227,170395,302853,143412,159441,15769,4815,10954,2.07,60229
"합계",서대문구,천연동,7644,16726,7897,8829,16522,7787,8735,204,110,94,2.16,3504
"합계",서대문구,홍제1동,11072,24825,11603,13222,24558,11489,13069,267,114,153,2.22,5330
"합계",서대문구,홍제2동,5420,12446,5801,6645,12349,5766,6583,97,35,62,2.28,2874
"합계",서대문구,홍제3동,7964,17617,8400,9217,17447,8331,9116,170,69,101,2.19,4216
"합계",서대문구,홍은1동,9666,22261,10673,11588,22034,10591,11443,227,82,145,2.28,5119
"합계",서대문구,홍은2동,13027,29229,13813,15416,28175,13439,14736,1054,374,680,2.16,5872
"합계",서대문구,남가좌1동,6167,16913,8058,8855,16671,7963,8708,242,95,147,2.7,2464
"합계",서대문구,남가좌2동,13281,30335,14308,16027,28798,13826,14972,1537,482,1055,2.17,5340
"합계",서대문구,북가좌1동,6752,17537,8375,9162,17408,8324,9084,129,51,78,2.58,3350
"합계",서대문구,북가좌2동,14504,30554,14698,15856,30158,14548,15610,396,150,246,2.08,7149
"합계",서대문구,충현동,9979,19929,9556,10373,19445,9336,10109,484,220,264,1.95,3720
"합계",서대문구,북아현동,7075,15707,7540,8167,15385,7410,7975,322,130,192,2.17,2486
"합계",서대문구,신촌동,15027,27493,10222,17271,20266,8618,11648,7227,1604,5623,1.35,2224
"합계",서대문구,연희동,18643,37050,17283,19767,33637,15984,17653,3413,1299,2114,1.8,6581
"합계",마포구,소계,181135,372745,172405,200340,361417,168356,193061,11328,4049,7279,2,60009
"합계",마포구,용강동,9258,21663,10125,11538,21269,9940,11329,394,185,209,2.3,3251
"합계",마포구,대흥동,8642,16139,7500,8639,14295,6926,7369,1844,574,1270,1.65,2059
"합계",마포구,염리동,7736,17698,8243,9455,16836,7998,8838,862,245,617,2.18,2253
"합계",마포구,신수동,10087,22549,10955,11594,22161,10794,11367,388,161,227,2.2,3648
"합계",마포구,서교동,15199,25986,11480,14506,23761,10852,12909,2225,628,1597,1.56,3493
"합계",마포구,합정동,9109,16394,7503,8891,16029,7368,8661,365,135,230,1.76,2770
"합계",마포구,망원1동,10081,19075,8802,10273,18751,8659,10092,324,143,181,1.86,3627
"합계",마포구,망원2동,8298,17760,8234,9526,17528,8144,9384,232,90,142,2.11,3408
"합계",마포구,연남동,8346,15045,6938,8107,14106,6581,7525,939,357,582,1.69,2565
"합계",마포구,성산1동,9572,18893,8711,10182,18524,8562,9962,369,149,220,1.94,3253
"합계",마포구,성산2동,19676,38913,17176,21737,38519,17060,21459,394,116,278,1.96,6837
"합계",마포구,상암동,12746,30191,14119,16072,29427,13766,15661,764,353,411,2.31,4667
"합계",마포구,도화동,9315,20761,9825,10936,20505,9695,10810,256,130,126,2.2,4071
"합계",마포구,서강동,12207,25233,11933,13300,24432,11686,12746,801,247,554,2,3641
"합계",마포구,공덕동,18472,36784,17118,19666,36133,16815,19318,651,303,348,1.96,6552
"합계",마포구,아현동,12391,29661,13743,15918,29141,13510,15631,520,233,287,2.35,3914
"합계",양천구,소계,180209,434351,211560,222791,430976,210199,220777,3375,1361,2014,2.39,80390
"합계",양천구,목1동,10338,30286,14487,15799,30146,14416,15730,140,71,69,2.92,3854
"합계",양천구,목2동,13281,28657,13813,14844,28401,13721,14680,256,92,164,2.14,4869
"합계",양천구,목3동,10118,21111,10018,11093,20934,9948,10986,177,70,107,2.07,4059
"합계",양천구,목4동,9972,24339,11839,12500,24162,11780,12382,177,59,118,2.42,3739
"합계",양천구,목5동,13481,40741,20187,20554,40624,20137,20487,117,50,67,3.01,5567
"합계",양천구,신월1동,9884,19208,9845,9363,18934,9733,9201,274,112,162,1.92,4947
"합계",양천구,신월2동,8667,20737,10111,10626,20561,10040,10521,176,71,105,2.37,4664
"합계",양천구,신월3동,7613,14239,7476,6763,14039,7388,6651,200,88,112,1.84,3498
"합계",양천구,신월4동,6813,17230,8350,8880,17126,8318,8808,104,32,72,2.51,3876
"합계",양천구,신월5동,6380,14028,6928,7100,13887,6873,7014,141,55,86,2.18,2881
"합계",양천구,신월6동,5363,13804,6734,7070,13739,6703,7036,65,31,34,2.56,2286
"합계",양천구,신월7동,9022,18400,8916,9484,18251,8867,9384,149,49,100,2.02,4874
"합계",양천구,신정1동,6928,19684,9539,10145,19584,9492,10092,100,47,53,2.83,3106
"합계",양천구,신정2동,6802,18651,9149,9502,18576,9112,9464,75,37,38,2.73,3052
"합계",양천구,신정3동,19550,48956,23574,25382,48617,23429,25188,339,145,194,2.49,8998
"합계",양천구,신정4동,16368,32111,15499,16612,31419,15229,16190,692,270,422,1.92,6831
"합계",양천구,신정6동,8177,23989,11611,12378,23958,11598,12360,31,13,18,2.93,3425
"합계",양천구,신정7동,11452,28180,13484,14696,28018,13415,14603,162,69,93,2.45,5864
"합계",강서구,소계,273911,562194,268770,293424,556171,266237,289934,6023,2533,3490,2.03,107553
"합계",강서구,염창동,16672,41330,19808,21522,41191,19754,21437,139,54,85,2.47,5230
"합계",강서구,등촌1동,14397,25246,11599,13647,24997,11517,13480,249,82,167,1.74,3432
"합계",강서구,등촌2동,8587,19327,9427,9900,19177,9366,9811,150,61,89,2.23,3740
"합계",강서구,등촌3동,15132,29206,13669,15537,29018,13592,15426,188,77,111,1.92,7886
"합계",강서구,화곡본동,17197,32645,15759,16886,32186,15596,16590,459,163,296,1.87,5776
"합계",강서구,화곡1동,27908,50943,24578,26365,49795,24111,25684,1148,467,681,1.78,9741
"합계",강서구,화곡2동,8156,17146,8214,8932,16843,8101,8742,303,113,190,2.07,3273
"합계",강서구,화곡3동,9656,20905,9941,10964,20744,9876,10868,161,65,96,2.15,4796
"합계",강서구,화곡4동,9570,19501,9492,10009,19204,9375,9829,297,117,180,2.01,4428
"합계",강서구,화곡6동,13519,25955,12379,13576,25663,12263,13400,292,116,176,1.9,4684
"합계",강서구,화곡8동,11481,23159,11138,12021,22750,10967,11783,409,171,238,1.98,4995
"합계",강서구,가양1동,21064,33937,15219,18718,33659,15113,18546,278,106,172,1.6,3836
"합계",강서구,가양2동,7962,13248,6217,7031,13185,6198,6987,63,19,44,1.66,4766
"합계",강서구,가양3동,7643,13801,6366,7435,13713,6333,7380,88,33,55,1.79,4095
"합계",강서구,발산1동,13573,35471,16763,18708,35157,16568,18589,314,195,119,2.59,5775
"합계",강서구,공항동,13929,30044,15169,14875,29463,14862,14601,581,307,274,2.12,4787
"합계",강서구,방화1동,17168,41737,20357,21380,41479,20248,21231,258,109,149,2.42,7733
"합계",강서구,방화2동,12352,23115,11416,11699,22848,11287,11561,267,129,138,1.85,5567
"합계",강서구,방화3동,11132,21798,10449,11349,21671,10407,11264,127,42,85,1.95,5994
"합계",강서구,우장산동,16813,43680,20810,22870,43428,20703,22725,252,107,145,2.58,7019
"합계",구로구,소계,183891,411916,202710,209206,388169,189991,198178,23747,12719,11028,2.11,83873
"합계",구로구,신도림동,14405,36327,17468,18859,36001,17317,18684,326,151,175,2.5,5476
"합계",구로구,구로1동,8409,20599,10013,10586,20398,9925,10473,201,88,113,2.43,3305
"합계",구로구,구로2동,12110,28743,14801,13942,22133,11103,11030,6610,3698,2912,1.83,6607
"합계",구로구,구로3동,13562,24720,12733,11987,22960,11854,11106,1760,879,881,1.69,4002
"합계",구로구,구로4동,10197,22118,10860,11258,18203,8714,9489,3915,2146,1769,1.79,5254
"합계",구로구,구로5동,15734,31697,15543,16154,28993,14136,14857,2704,1407,1297,1.84,5625
"합계",구로구,고척1동,11663,26775,13350,13425,26480,13198,13282,295,152,143,2.27,5116
"합계",구로구,고척2동,11403,25885,12697,13188,25420,12469,12951,465,228,237,2.23,6059
"합계",구로구,개봉1동,15119,33922,16783,17139,33088,16355,16733,834,428,406,2.19,7506
"합계",구로구,개봉2동,12181,29644,14327,15317,29197,14105,15092,447,222,225,2.4,7469
"합계",구로구,개봉3동,8632,19761,9553,10208,19304,9339,9965,457,214,243,2.24,4964
"합계",구로구,오류1동,12830,23270,11059,12211,22577,10748,11829,693,311,382,1.76,4598
"합계",구로구,오류2동,15390,36714,17439,19275,36108,17136,18972,606,303,303,2.35,8107
"합계",구로구,수궁동,9988,22873,11159,11714,22399,10950,11449,474,209,265,2.24,5315
"합계",구로구,가리봉동,6025,12450,6967,5483,8737,4798,3939,3713,2169,1544,1.45,2348
"합계",구로구,항동,6243,16418,7958,8460,16171,7844,8327,247,114,133,2.59,2122
"합계",금천구,소계,121075,239070,120506,118564,225159,113211,111948,13911,7295,6616,1.86,47951
"합계",금천구,가산동,18421,27368,14760,12608,24875,13404,11471,2493,1356,1137,1.35,3215
"합계",금천구,독산1동,26004,49008,24817,24191,47155,23884,23271,1853,933,920,1.81,7013
"합계",금천구,독산2동,9331,18793,9431,9362,17489,8775,8714,1304,656,648,1.87,4159
"합계",금천구,독산3동,12683,26288,13417,12871,22986,11605,11381,3302,1812,1490,1.81,5589
"합계",금천구,독산4동,7475,15840,7960,7880,14153,7073,7080,1687,887,800,1.89,3432
"합계",금천구,시흥1동,16417,33414,16621,16793,31714,15748,15966,1700,873,827,1.93,7241
"합계",금천구,시흥2동,8152,20334,9736,10598,20221,9689,10532,113,47,66,2.48,4777
"합계",금천구,시흥3동,4673,10314,5083,5231,10154,5002,5152,160,81,79,2.17,2698
"합계",금천구,시흥4동,8880,19442,9623,9819,18762,9279,9483,680,344,336,2.11,4922
"합계",금천구,시흥5동,9039,18269,9058,9211,17650,8752,8898,619,306,313,1.95,4905
"합계",영등포구,소계,192199,397173,194864,202309,373773,182802,190971,23400,12062,11338,1.94,70455
"합계",영등포구,여의동,14151,34282,16135,18147,33905,15945,17960,377,190,187,2.4,6858
"합계",영등포구,당산1동,11866,21631,10380,11251,21187,10199,10988,444,181,263,1.79,3787
"합계",영등포구,당산2동,18852,36863,17166,19697,36425,16985,19440,438,181,257,1.93,5247
"합계",영등포구,양평1동,10042,18496,8804,9692,18202,8675,9527,294,129,165,1.81,2588
"합계",영등포구,양평2동,11337,22938,11073,11865,22712,10995,11717,226,78,148,2,2963
"합계",영등포구,신길1동,11614,20420,10380,10040,19089,9688,9401,1331,692,639,1.64,3960
"합계",영등포구,신길3동,7609,16901,8364,8537,15950,7861,8089,951,503,448,2.1,3600
"합계",영등포구,신길4동,5683,12609,6215,6394,11931,5869,6062,678,346,332,2.1,2708
"합계",영등포구,신길5동,4445,10639,5237,5402,9638,4685,4953,1001,552,449,2.17,2315
"합계",영등포구,신길6동,9138,18597,9016,9581,17921,8686,9235,676,330,346,1.96,3655
"합계",영등포구,신길7동,7876,19830,9823,10007,19637,9731,9906,193,92,101,2.49,2936
"합계",영등포구,대림1동,6853,16031,8034,7997,13505,6690,6815,2526,1344,1182,1.97,3617
"합계",영등포구,대림2동,6872,17522,8876,8646,11619,5667,5952,5903,3209,2694,1.69,3439
"합계",영등포구,대림3동,10251,24624,12397,12227,21164,10576,10588,3460,1821,1639,2.06,5377
"합계",영등포구,영등포본동,10334,22306,11418,10888,20480,10474,10006,1826,944,882,1.98,4760
"합계",영등포구,영등포동,22442,32136,16215,15921,31272,15835,15437,864,380,484,1.39,3774
"합계",영등포구,도림동,9817,19611,9904,9707,17624,8917,8707,1987,987,1000,1.8,3769
"합계",영등포구,문래동,13017,31737,15427,16310,31512,15324,16188,225,103,122,2.42,5102
"합계",동작구,소계,186950,387352,186226,201126,375799,181576,194223,11553,4650,6903,2.01,73201
"합계",동작구,노량진1동,17696,33626,17022,16604,32644,16637,16007,982,385,597,1.84,6411
"합계",동작구,노량진2동,5637,8938,4706,4232,8060,4244,3816,878,462,416,1.43,1828
"합계",동작구,상도1동,22760,46256,22039,24217,43904,21290,22614,2352,749,1603,1.93,7989
"합계",동작구,상도2동,12454,27632,13094,14538,27250,12972,14278,382,122,260,2.19,4805
"합계",동작구,상도3동,12182,24047,11414,12633,23641,11242,12399,406,172,234,1.94,5104
"합계",동작구,상도4동,14760,29339,14140,15199,28913,13998,14915,426,142,284,1.96,5946
"합계",동작구,사당1동,13933,22821,10941,11880,22350,10748,11602,471,193,278,1.6,4167
"합계",동작구,사당2동,12508,28188,13506,14682,27866,13355,14511,322,151,171,2.23,6285
"합계",동작구,사당3동,10375,23701,11439,12262,23435,11319,12116,266,120,146,2.26,5111
"합계",동작구,사당4동,7327,13881,6622,7259,13698,6543,7155,183,79,104,1.87,3066
"합계",동작구,사당5동,6715,14191,6773,7418,14063,6716,7347,128,57,71,2.09,2628
"합계",동작구,대방동,16526,35337,16601,18736,34969,16435,18534,368,166,202,2.12,6070
"합계",동작구,신대방1동,10454,24929,12071,12858,23081,11096,11985,1848,975,873,2.21,4615
"합계",동작구,신대방2동,10654,22106,10561,11545,21838,10454,11384,268,107,161,2.05,3715
"합계",동작구,흑석동,12969,32360,15297,17063,30087,14527,15560,2273,770,1503,2.32,5461
"합계",관악구,소계,285963,495620,247531,248089,477812,240457,237355,17808,7074,10734,1.67,88885
"합계",관악구,남현동,9910,17724,8565,9159,17507,8486,9021,217,79,138,1.77,3202
"합계",관악구,보라매동,12977,23850,11640,12210,23337,11425,11912,513,215,298,1.8,5078
"합계",관악구,청림동,6392,14672,7006,7666,14547,6956,7591,125,50,75,2.28,3038
"합계",관악구,행운동,18256,29316,14052,15264,28683,13844,14839,633,208,425,1.57,4789
"합계",관악구,낙성대동,12229,18013,9014,8999,17403,8757,8646,610,257,353,1.42,2164
"합계",관악구,중앙동,10360,15561,7364,8197,15151,7229,7922,410,135,275,1.46,2575
"합계",관악구,인헌동,14708,25434,12273,13161,25009,12121,12888,425,152,273,1.7,4435
"합계",관악구,서원동,15372,23874,12382,11492,22958,12054,10904,916,328,588,1.49,3653
"합계",관악구,신원동,11305,18316,9275,9041,17376,8900,8476,940,375,565,1.54,3555
"합계",관악구,서림동,15259,24669,13480,11189,23209,12920,10289,1460,560,900,1.52,3966
"합계",관악구,신사동,14634,24405,12106,12299,22171,11091,11080,2234,1015,1219,1.52,3986
"합계",관악구,신림동,19187,24050,12723,11327,22969,12385,10584,1081,338,743,1.2,2123
"합계",관악구,난향동,6172,14739,7185,7554,14618,7123,7495,121,62,59,2.37,3085
"합계",관악구,조원동,12347,21097,10435,10662,19605,9720,9885,1492,715,777,1.59,3446
"합계",관악구,대학동,17736,27940,16321,11619,24378,14964,9414,3562,1357,2205,1.37,3473
"합계",관악구,은천동,16060,32397,15816,16581,31863,15611,16252,534,205,329,1.98,6524
"합계",관악구,성현동,12200,28119,13536,14583,27922,13452,14470,197,84,113,2.29,5981
"합계",관악구,청룡동,24412,37009,17645,19364,35865,17234,18631,1144,411,733,1.47,5127
"합계",관악구,난곡동,12804,25269,12551,12718,24799,12348,12451,470,203,267,1.94,6073
"합계",관악구,삼성동,9558,19667,9741,9926,19518,9671,9847,149,70,79,2.04,5971
"합계",관악구,미성동,14085,29499,14421,15078,28924,14166,14758,575,255,320,2.05,6641
"합계",서초구,소계,170681,413076,196407,216669,408376,194153,214223,4700,2254,2446,2.39,68735
"합계",서초구,서초1동,9518,20408,9785,10623,20178,9698,10480,230,87,143,2.12,3442
"합계",서초구,서초2동,11404,25129,11821,13308,24702,11586,13116,427,235,192,2.17,3290
"합계",서초구,서초3동,15411,32370,15322,17048,31961,15121,16840,409,201,208,2.07,5475
"합계",서초구,서초4동,10674,30533,14880,15653,30253,14748,15505,280,132,148,2.83,4641
"합계",서초구,잠원동,10646,26958,13010,13948,26740,12910,13830,218,100,118,2.51,3797
"합계",서초구,반포본동,110,235,106,129,226,100,126,9,6,3,2.05,35
"합계",서초구,반포1동,14621,34144,16623,17521,33690,16430,17260,454,193,261,2.3,4496
"합계",서초구,반포2동,8536,26603,12622,13981,26446,12546,13900,157,76,81,3.1,3825
"합계",서초구,반포3동,8261,24024,11426,12598,23940,11383,12557,84,43,41,2.9,3567
"합계",서초구,반포4동,7019,19238,9021,10217,18407,8573,9834,831,448,383,2.62,3257
"합계",서초구,방배본동,7873,20248,9339,10909,20080,9253,10827,168,86,82,2.55,3437
"합계",서초구,방배1동,7525,16570,7693,8877,16443,7642,8801,127,51,76,2.19,3296
"합계",서초구,방배2동,7856,17997,8373,9624,17870,8317,9553,127,56,71,2.27,3838
"합계",서초구,방배3동,5840,15849,7533,8316,15668,7458,8210,181,75,106,2.68,3223
"합계",서초구,방배4동,9617,23040,10419,12621,22697,10258,12439,343,161,182,2.36,3906
"합계",서초구,양재1동,17681,41515,19694,21821,41170,19545,21625,345,149,196,2.33,8083
"합계",서초구,양재2동,11005,21288,10605,10683,21042,10479,10563,246,126,120,1.91,3459
"합계",서초구,내곡동,7084,16927,8135,8792,16863,8106,8757,64,29,35,2.38,3668
"합계",강남구,소계,245094,563215,269050,294165,557345,266412,290933,5870,2638,3232,2.27,91470
"합계",강남구,신사동,6639,15480,7243,8237,15268,7144,8124,212,99,113,2.3,3200
"합계",강남구,논현1동,13461,21510,10140,11370,20780,9847,10933,730,293,437,1.54,3156
"합계",강남구,논현2동,11216,20571,9509,11062,20196,9357,10839,375,152,223,1.8,3311
"합계",강남구,삼성1동,5172,12283,6079,6204,11933,5839,6094,350,240,110,2.31,2351
"합계",강남구,삼성2동,13850,30834,14728,16106,30509,14567,15942,325,161,164,2.2,4143
"합계",강남구,대치1동,7237,23979,12009,11970,23938,11988,11950,41,21,20,3.31,2878
"합계",강남구,대치2동,13290,38484,19582,18902,38311,19478,18833,173,104,69,2.88,5800
"합계",강남구,대치4동,9641,18580,8874,9706,18272,8759,9513,308,115,193,1.9,2237
"합계",강남구,역삼1동,23845,35596,17277,18319,34216,16731,17485,1380,546,834,1.43,3955
"합계",강남구,역삼2동,15615,36604,17020,19584,36216,16860,19356,388,160,228,2.32,3973
"합계",강남구,도곡1동,8224,20721,9827,10894,20583,9770,10813,138,57,81,2.5,3347
"합계",강남구,도곡2동,11431,32348,14966,17382,32252,14908,17344,96,58,38,2.82,5460
"합계",강남구,개포1동,9126,26399,12718,13681,26341,12691,13650,58,27,31,2.89,4194
"합계",강남구,개포2동,15039,42535,20565,21970,42395,20500,21895,140,65,75,2.82,5806
"합계",강남구,개포3동,7361,16767,8085,8682,16700,8055,8645,67,30,37,2.27,3759
"합계",강남구,개포4동,10090,23313,11208,12105,23123,11133,11990,190,75,115,2.29,3842
"합계",강남구,일원본동,7955,22619,11146,11473,22592,11133,11459,27,13,14,2.84,3757
"합계",강남구,일원1동,7418,14444,6949,7495,14285,6886,7399,159,63,96,1.93,3672
"합계",강남구,수서동,7620,13694,6159,7535,13619,6127,7492,75,32,43,1.79,5260
"합계",강남구,세곡동,20322,46455,21683,24772,46260,21604,24656,195,79,116,2.28,7788
"합계",강남구,압구정동,9994,25746,11966,13780,25556,11860,13696,190,106,84,2.56,5521
"합계",강남구,청담동,10548,24253,11317,12936,24000,11175,12825,253,142,111,2.28,4060
"합계",송파구,소계,287017,656310,314532,341778,650110,311728,338382,6200,2804,3396,2.27,114243
"합계",송파구,풍납1동,5384,11742,5776,5966,11277,5543,5734,465,233,232,2.09,2964
"합계",송파구,풍납2동,10299,23263,11030,12233,23050,10939,12111,213,91,122,2.24,4436
"합계",송파구,거여1동,5571,11919,5908,6011,11821,5869,5952,98,39,59,2.12,2710
"합계",송파구,거여2동,10077,23417,11346,12071,23319,11305,12014,98,41,57,2.31,4869
"합계",송파구,마천1동,7761,16313,8324,7989,16162,8268,7894,151,56,95,2.08,4287
"합계",송파구,마천2동,8486,17423,8875,8548,17260,8808,8452,163,67,96,2.03,4690
"합계",송파구,방이1동,6153,15105,7219,7886,14999,7179,7820,106,40,66,2.44,2642
"합계",송파구,방이2동,15936,26808,12152,14656,26121,11829,14292,687,323,364,1.64,4024
"합계",송파구,오륜동,5843,17608,8647,8961,17575,8629,8946,33,18,15,3.01,3398
"합계",송파구,오금동,16037,38219,18465,19754,37913,18313,19600,306,152,154,2.36,7739
"합계",송파구,송파1동,12506,23392,10777,12615,23101,10642,12459,291,135,156,1.85,3915
"합계",송파구,송파2동,7216,18695,8975,9720,18564,8913,9651,131,62,69,2.57,3352
"합계",송파구,석촌동,17101,30954,14566,16388,30392,14332,16060,562,234,328,1.78,5199
"합계",송파구,삼전동,16166,29090,13606,15484,28703,13440,15263,387,166,221,1.78,4591
"합계",송파구,가락본동,11574,25081,12339,12742,24777,12206,12571,304,133,171,2.14,4529
"합계",송파구,가락1동,9756,27652,13385,14267,27348,13235,14113,304,150,154,2.8,4163
"합계",송파구,가락2동,12369,30961,15073,15888,30763,14984,15779,198,89,109,2.49,5055
"합계",송파구,문정1동,8938,19882,9714,10168,19691,9621,10070,191,93,98,2.2,3601
"합계",송파구,문정2동,15874,28915,13243,15672,28737,13170,15567,178,73,105,1.81,4578
"합계",송파구,장지동,13055,30774,14777,15997,30596,14702,15894,178,75,103,2.34,5414
"합계",송파구,잠실본동,16219,28055,13258,14797,27524,13030,14494,531,228,303,1.7,4321
"합계",송파구,잠실2동,11527,34916,16729,18187,34823,16673,18150,93,56,37,3.02,4106
"합계",송파구,잠실3동,11859,33896,15987,17909,33769,15917,17852,127,70,57,2.85,6569
"합계",송파구,잠실4동,7198,21086,10187,10899,21028,10159,10869,58,28,30,2.92,3240
"합계",송파구,잠실6동,5836,16563,7844,8719,16376,7739,8637,187,105,82,2.81,3287
"합계",송파구,잠실7동,3365,9388,4354,5034,9373,4345,5028,15,9,6,2.79,2377
"합계",송파구,위례동,14911,45193,21976,23217,45048,21938,23110,145,38,107,3.02,4187
"합계",강동구,소계,212585,481474,234830,246644,476942,232862,244080,4532,1968,2564,2.24,89895
"합계",강동구,명일1동,9983,24935,12154,12781,24830,12115,12715,105,39,66,2.49,4775
"합계",강동구,명일2동,6411,16911,8216,8695,16843,8196,8647,68,20,48,2.63,3076
"합계",강동구,고덕1동,8153,23896,12241,11655,23818,12203,11615,78,38,40,2.92,3407
"합계",강동구,고덕2동,9743,25572,12864,12708,25325,12716,12609,247,148,99,2.6,3656
"합계",강동구,암사1동,15956,33515,16516,16999,33194,16390,16804,321,126,195,2.08,7126
"합계",강동구,암사2동,6366,14645,7063,7582,14572,7038,7534,73,25,48,2.29,2762
"합계",강동구,암사3동,6063,17127,8378,8749,17087,8357,8730,40,21,19,2.82,3123
"합계",강동구,천호1동,12883,25849,12617,13232,25555,12492,13063,294,125,169,1.98,6059
"합계",강동구,천호2동,18355,34952,16979,17973,34307,16688,17619,645,291,354,1.87,6880
"합계",강동구,천호3동,14870,26746,12796,13950,26163,12496,13667,583,300,283,1.76,5274
"합계",강동구,성내1동,8194,19242,9210,10032,19095,9156,9939,147,54,93,2.33,3519
"합계",강동구,성내2동,13797,24435,11859,12576,23833,11579,12254,602,280,322,1.73,5018
"합계",강동구,성내3동,10572,22157,10751,11406,21777,10592,11185,380,159,221,2.06,4491
"합계",강동구,둔촌1동,4304,10945,5483,5462,10917,5475,5442,28,8,20,2.54,1565
"합계",강동구,둔촌2동,10734,24830,12141,12689,24694,12088,12606,136,53,83,2.3,4939
"합계",강동구,길동,23493,47949,23221,24728,47553,23079,24474,396,142,254,2.02,9874
"합계",강동구,강일동,13810,34803,16644,18159,34605,16582,18023,198,62,136,2.51,6634
"합계",강동구,상일1동,13565,39373,19372,20001,39239,19314,19925,134,58,76,2.89,5564
"합계",강동구,상일2동,5333,13592,6325,7267,13535,6306,7229,57,19,38,2.54,2153
