name,gu_name,dong_name,latitude,longitude
ECC 삼성홀,서대문구,신촌동,37.56256190105408,126.94745361456684
소리소극장,송파구,오금동,37.49965396800826,127.13752013674733
한국 음악 예술 연구회,동작구,신대방1동,37.49024689832335,126.90867420820794
극장온,종로구,이화동,37.58103188556316,127.00396010991636
나온씨어터,종로구,혜화동,37.58770519883026,126.99940762222484
우리열린극장,종로구,종로1·2·3·4가동,37.57221784023648,126.987644836037
대학로예술극장소극장,종로구,이화동,37.58208704631574,127.00318065007244
전통문화예술공연장,종로구,종로1·2·3·4가동,37.57443888992537,126.9821369463429
대학로 티오엠2,종로구,이화동,37.5822882996304,127.003635498997
광화문아트홀,종로구,사직동,37.57427705126648,126.9646708364606
두산아트센터 Space111,종로구,종로5·6가동,37.57189937729905,127.00122212373974
선돌극장,종로구,혜화동,37.586827571531614,126.999767213818
콘텐츠박스,종로구,이화동,37.58077122793042,127.00416088415218
올웨이즈 씨어터,종로구,이화동,37.58309459886304,127.00208939278586
시윤아트홀,종로구,이화동,37.58154703683539,127.00234034340372
열린극장,종로구,혜화동,37.58373452418539,127.00041647120491
올림아트센터,종로구,이화동,37.57969682724715,127.00429023089204
세종체임버홀,종로구,사직동,37.572236860973966,126.9759338911858
지인시어터,종로구,이화동,37.57993333806152,127.00369965101
자유극장,종로구,이화동,37.58276206925742,127.00361644556465
아트선재센터,종로구,삼청동,37.57942355232036,126.98184115837148
제이티앤 아트홀(JTN ART HALL),종로구,이화동,37.5766301538342,127.00394070465777
마루아트홀,종로구,이화동,37.58229446012957,127.0025238033711
세우아트센터,종로구,이화동,37.58195662696551,127.00398017558769
엠스테이지2,종로구,종로1·2·3·4가동,37.573843521491774,126.98560966984198
예스24아트원,종로구,이화동,37.5802656527243,127.00394902158284
틴틴홀,종로구,이화동,37.58160942806738,127.00353179981704
물빛극장,종로구,이화동,37.58032258545655,127.0035150316552
링크아트센터드림 드림1,종로구,이화동,37.58329495547703,127.00329183091658
아트포레스트,종로구,이화동,37.58249284582025,127.00309054942424
월하예당,종로구,종로1·2·3·4가동,37.57289859987691,126.98885534490805
서연아트홀,종로구,혜화동,37.58390705836044,127.00058863796708
SKON(스콘),종로구,혜화동,37.58351685408988,127.0021666523284
해바라기 소극장,종로구,이화동,37.581650831941296,127.00426830973512
도토리씨어터,종로구,이화동,37.58123632190453,127.00402432383272
SA HALL,종로구,이화동,37.58317880752945,127.00227583538218
아스가르드씨어터,종로구,혜화동,37.58367864045582,127.00256104659891
라온씨어터,종로구,이화동,37.58159151382518,127.00281136888354
JS 아트홀,종로구,이화동,37.582442173398405,127.00434809274029
한일시네마4,강동구,성내2동,37.53781584099325,127.12480086909616
창조 소극장,종로구,혜화동,37.58455531450679,127.0000410826792
광무대,종로구,종로5·6가동,37.5707818819852,127.0081120095191
아르코꿈밭극장,종로구,이화동,37.58208614028072,127.00372883378454
국립어린이과학관 과학극장,종로구,혜화동,37.58227152251269,126.99695500415334
씨어터 쿰,종로구,혜화동,37.58445324997151,126.99948512638586
한성아트홀1,종로구,혜화동,37.58369957276197,127.00002063340214
초록씨어터,종로구,이화동,37.58270737359412,127.00215273455288
코델 아트홀,종로구,이화동,37.58175787959685,127.00428878024748
우리소극장,종로구,이화동,37.57923616642542,127.00515972621498
업스테이지(UP STAGE),종로구,이화동,37.58011032189096,127.00426894310566
대학로극장 쿼드,종로구,이화동,37.58366935960491,127.00369891455878
아트하우스,종로구,이화동,37.58160687387405,127.00372215137268
명륜아트홀,종로구,혜화동,37.58680797904803,126.99675852520454
오디오가이 스튜디오,종로구,사직동,37.578074175953816,126.9736715403998
플랫폼74,종로구,이화동,37.581542812491925,127.00430418467928
통의동클래식,종로구,사직동,37.57921759607492,126.97234977965354
나인진홀,종로구,이화동,37.58036051971139,127.00426230971414
라온아트홀,종로구,이화동,37.58188840251379,127.00280277878264
일미일 소극장,동작구,노량진1동,37.51406875919358,126.94513319981768
링크아트센터 페이코홀,종로구,혜화동,37.58461245103208,127.00233603180966
베리컴퍼니,종로구,이화동,37.582347174125736,127.00480282809966
뭐든지 소극장,종로구,창신2동,37.5766929131602,127.0100169653955
창덕궁 소극장,종로구,혜화동,37.582441955388674,126.99773825111173
홍해성 소극장,종로구,이화동,37.58111799383842,127.00436010694044
눈빛극장,종로구,혜화동,37.587104444446105,126.999792563195
씨어터 조이,종로구,이화동,37.5786947830998,127.00464930159464
드림시어터,종로구,이화동,37.58229067369656,127.00279030102428
안똔체홉극장,종로구,혜화동,37.58306342423427,126.99695673261373
Ground-SYN(그라운드 씬),종로구,혜화동,37.58998069885021,126.99829189875074
바탕골소극장,종로구,이화동,37.58189246634007,127.0025727627975
플러스씨어터,종로구,이화동,37.58077481056456,127.00397206823138
대학로스타시티 후암스테이지,종로구,혜화동,37.582079628044326,127.00048097427693
유니플렉스,종로구,이화동,37.581201466674536,127.0037165736102
예그린씨어터,종로구,이화동,37.58389343502334,127.00307160029342
홍익대 대학로 아트센터 대극장,종로구,이화동,37.57653901057834,127.00145999750488
아르코예술극장대극장,종로구,이화동,37.58119782198715,127.00297484381665
예스24스테이지,종로구,이화동,37.58276165559319,127.00327010082415
지구인 아트홀,종로구,혜화동,37.58441198602487,127.00054432312632
스타스테이지,종로구,이화동,37.58277364316703,127.00284762880958
아루또 소극장,종로구,이화동,37.58296082396045,127.00242024531376
전통문화공간 창선당,종로구,종로5·6가동,37.57039531218489,127.00891266951948
컬쳐씨어터,종로구,이화동,37.582491738078886,127.0032799653216
봄날아트홀,종로구,이화동,37.57999792776862,127.00424747902836
JCC ART CENTER 콘서트홀,종로구,혜화동,37.58718658219637,127.00190269725468
맛있는 극장,종로구,혜화동,37.586237974264456,127.00075737948494
공간 아울,종로구,이화동,37.58187858521814,127.00229523039856
성균소극장,종로구,혜화동,37.58414520966929,126.99798717837363
소극장 공유,종로구,혜화동,37.58759731476136,127.00321731119313
지즐 소극장,종로구,혜화동,37.5847353322968,126.99968735187645
피카소소극장,종로구,혜화동,37.58257258774788,127.00029289973712
제이원 씨어터,종로구,혜화동,37.584209673458695,127.00045165880609
예술공간 혜화,종로구,혜화동,37.58664054961898,127.00048889354036
연극실험실 혜화동1번지,종로구,혜화동,37.58639148841502,127.00134311092576
서울돈화문국악당,종로구,종로1·2·3·4가동,37.57725180300199,126.99073186460298
에이치씨어터,종로구,이화동,37.57763323265876,127.00471088140108
아이들극장,종로구,혜화동,37.59035790065531,126.99884224619038
더굿씨어터,종로구,혜화동,37.58396568770241,127.0021670939108
북극곰 소극장,종로구,이화동,37.57738562211859,127.0057301578122
더 씨어터,종로구,종로5·6가동,37.5740935899708,127.00171727223348
스카이씨어터2,종로구,이화동,37.58300546536415,127.0026460377902
댕로홀,종로구,이화동,37.58188515444179,127.00372546357468
스튜디오 성균,종로구,혜화동,37.583908127092194,126.99712612485874
서촌공간서로,종로구,청운효자동,37.581587950134335,126.96787600006132
브릭스씨어터,종로구,이화동,37.58099567884753,127.003712958472
Sh art hall,종로구,이화동,37.579919971610295,127.00350841278244
파랑씨어터,종로구,이화동,37.58250200696606,127.0024539457254
경복궁아트홀,종로구,청운효자동,37.58335368015317,126.97069801989278
창신아트홀,종로구,창신1동,37.57351309959695,127.01448462039018
단막극장,종로구,이화동,37.5833042262108,127.00441283513992
연우 소극장,종로구,혜화동,37.58699101547125,127.00174094684388
동숭무대 소극장,종로구,혜화동,37.58878466985586,126.99908762734366
R&J씨어터,종로구,이화동,37.58035973528975,127.00528708473033
동덕 코튼홀,종로구,이화동,37.58373184370642,127.00331987770198
플레이더 씨어터,종로구,이화동,37.58058761604699,127.00458272561823
북촌나래홀,종로구,가회동,37.57885034336197,126.98844766148468
천사의 눈,동작구,대방동,37.50688044634856,126.9343579705108
북촌창우극장,종로구,가회동,37.578906469712926,126.9888613935133
부암아트홀,종로구,부암동,37.59574399840288,126.96409971817728
NC문화재단 Hall,종로구,이화동,37.57980309540656,127.0046643991198
소극장 무극,종로구,혜화동,37.58185094441766,127.00085224995448
상명아트홀,종로구,이화동,37.58335163634127,127.00272978985764
큐씨어터,종로구,이화동,37.58249301146614,127.00354277705908
중앙 무대,동작구,상도1동,37.50742010300319,126.95214074554892
호텔신라,중구,장충동,37.556750840614114,127.00603529083182
한국문예교류협악회,중구,소공동,37.56770886408066,126.9740320088989
예음문화재단,중구,소공동,37.56776494427291,126.96891260738126
예술세계,중구,소공동,37.56606171414151,126.9723757983143
(주)엠엠시네마(),중구,광희동,37.56864431211725,127.00773259313252
동원이벤트포토피아,중구,필동,37.5607330083006,126.99442429825696
푸르지오아트홀,중구,을지로동,37.56610678428021,126.99731668455776
서울 예주랑 호라이어스홀,중구,소공동,37.56359219787558,126.97037152362962
에델바이스요들러클럽,중구,명동,37.56489220239934,126.98613644619208
또래예술단,중구,신당동,37.56090279147323,127.01265101944723
신한예술단,중구,다산동,37.55558841645829,127.0096239605494
한국공연예술매니저,중구,청구동,37.5575870274004,127.01266380241728
서상철과그의가무단,중구,명동,37.559726710912855,126.98544192997856
예전무용단,중구,필동,37.556902861771206,126.98740096994156
사단법인한국여성민우,중구,장충동,37.56219868074113,127.00916479828182
중원산업,중구,소공동,37.56759665581354,126.97096342271335
(주)한맥엔터레인먼트,중구,광희동,37.56240351888822,126.99593941916348
서울역프라자극장,중구,회현동,37.55603206841386,126.96943653413504
극단하늘,중구,신당동,37.56323665923895,127.01479017288445
(주)방송문화이벤트,중구,소공동,37.56817095178116,126.96999238618451
서안사호텔앰버서더,중구,장충동,37.55958248731626,127.0017348272058
시네아스트극장,중구,을지로동,37.56458304771755,126.99249283012624
세실예술기획,중구,다산동,37.55069580848735,127.0073019088173
앰파이어가무단,중구,명동,37.56778412090955,126.9801671110508
코스텔,중구,을지로동,37.5655711953171,126.9911509806239
(주)제일기획,중구,명동,37.566314974794125,126.9799661484592
연예인환경보호협회,중구,청구동,37.5568758263646,127.01229124901144
사단법인 자행회,중구,광희동,37.56334379175509,127.00846271448589
세실뮤직가무단,중구,다산동,37.55568309867405,127.0108074238914
한국현대춤협회,중구,장충동,37.5607032982973,127.00217167968732
히파이브,중구,광희동,37.564812466631295,126.99570049274216
극단 서울무대,중구,광희동,37.56182629830301,126.99488010011147
환경보전문화예술협회,중구,신당동,37.56302393597941,127.01508977130284
남산드라마센터,중구,필동,37.55896404941053,126.98835072612856
코리아,중구,명동,37.56358201383903,126.98396603995856
국립중앙극장 해오름극장,중구,장충동,37.55287104070553,127.00013082338218
뉴남대문극장,중구,회현동,37.56047524556444,126.97748225117486
국립정동극장 세실,중구,소공동,37.56680777675452,126.97596873440858
한국관광홍보 (주),중구,명동,37.55937113068839,126.98707709555406
대한항공(주),중구,소공동,37.5635675381329,126.97419098932484
(주)서울힐튼호텔,중구,회현동,37.55530754715741,126.97546598298284
벗님들,중구,을지로동,37.565885160560285,127.00334601234373
국립정동극장,중구,소공동,37.56588059221919,126.97288644218378
문화일보홀,중구,소공동,37.56710966156086,126.96868999333046
삼성에버랜드(주)씨넥스,중구,소공동,37.56155378304557,126.97507753422798
극단민성,중구,신당동,37.5694622997117,127.01394667319148
예술마당,중구,을지로동,37.56563207777952,126.99327883169885
Klive,중구,광희동,37.56576218740921,127.00699129520656
명보아트홀,중구,을지로동,37.56468841783828,126.99323069118398
(주)한국천주교성음악,중구,명동,37.56764304308698,126.97955583080012
CKL스테이지,중구,명동,37.56855795297595,126.98162360520956
삼일로창고극장,중구,명동,37.56345877580896,126.98800945527094
예술기획,중구,광희동,37.5627043521385,126.99687138597848
서울앙상불,중구,필동,37.55805991105802,126.99582923746568
달란트오페라단,중구,필동,37.56143141851435,126.9979206866551
신금자,중구,다산동,37.55310431950729,127.00761746360804
메시나,중구,명동,37.56852399520778,126.98075254790088
충무아트센터 대극장,중구,신당동,37.56544978717384,127.01514725615456
매시아합동대연주회,중구,을지로동,37.56419120664285,126.98921175900446
팝콘하우스,중구,소공동,37.56829033152907,126.9707732767858
예술기획파홀로,중구,다산동,37.55447715022757,127.00925506678414
비쥬얼뮤직,중구,명동,37.56247549707209,126.98972813263435
국도극장,중구,을지로동,37.56617680528409,126.9962950169402
(주)HMK `,중구,광희동,37.5639870719368,126.99864434451956
이린이연구회소꿉놀이,중구,동화동,37.56350344515462,127.01793625019364
(주)한국스포랜드,중구,신당동,37.566862463917474,127.01711053775662
동춘곡예단,중구,광희동,37.56477623194343,127.0079018391218
최종순가무단,중구,을지로동,37.56741262838488,127.00186640094216
금수장무용단,중구,장충동,37.56018047035557,127.00239533811131
다물놀이 문화기획,중구,약수동,37.55527995303969,127.01141050418885
육하원칙,중구,광희동,37.56508403822015,127.00658339238112
극단크레파스,중구,신당5동,37.56363699507988,127.02059010997252
한국장애자예술봉사단,중구,신당동,37.56526792747287,127.01359729091176
한국보존견보존연합회,중구,명동,37.5635476718816,126.98339778144332
사물놀이뿌리패,중구,광희동,37.56470928048081,127.00069209474285
국단충우,중구,필동,37.56189172520224,126.99262290868812
지호연예기획,중구,광희동,37.56523971723643,127.00140522079872
대성예술계획,중구,을지로동,37.56423802806314,126.99324774716295
한울춤방무용단한울림,중구,황학동,37.56557058279102,127.02245293798076
한알,중구,필동,37.562533864416594,127.00070419336606
삼우문화산업,중구,필동,37.56140563545594,126.9924975199354
김세일라무용단,중구,청구동,37.558297631048106,127.01290876676794
김용곤독창회,중구,다산동,37.55803495725197,127.01217100350569
홍웅기 무용단,중구,신당동,37.56290301743105,127.01020876392246
한국국제문화협회,중구,회현동,37.55649105039487,126.97519709435257
극단신협,중구,광희동,37.56433734317854,127.00035019999784
호국예술공연단중앙회,중구,신당동,37.56551555762769,127.01583251466276
뉴웨이브악단,중구,명동,37.56146764111734,126.98795753506624
김플랜,중구,명동,37.55843245751254,126.9843785864788
에클레시아남성합창단,중구,을지로동,37.56814694114781,126.9998456442072
한국쇼팽협회,중구,약수동,37.55352049402153,127.01484183457497
이금신월드컵가무단,중구,명동,37.567797355501256,126.98063382214552
성좌예술단,중구,필동,37.554746601790015,126.99561404014732
전국주부교실중앙회,중구,광희동,37.562814317550455,126.99904685824065
다이아몬드연주단,중구,광희동,37.56573590524591,127.00643054414932
세종예술기획,중구,광희동,37.56405181000262,126.9991724895116
마당풍물놀이,중구,신당동,37.56515348151611,127.01247366083074
고려영화사,중구,광희동,37.56191608459476,126.99396345626285
본기획,중구,장충동,37.56149246767266,127.006761940581
한국무지카,중구,동화동,37.56284892796629,127.01559867106567
롯데쇼핑(주),중구,소공동,37.56481064910038,126.98108976946192
(주)거인이벤트,중구,장충동,37.55883181147421,127.00752902177491
쁘렝땅 기획,중구,명동,37.56737808959895,126.98657631292552
아트팩키지,중구,필동,37.56005701434921,126.9912803792196
성니콜라소년합창단,중구,소공동,37.56713044794608,126.97591128503625
한일은행,중구,소공동,37.56410094384118,126.98192546836934
멀티플렉스 캣츠21 (),중구,명동,37.56126011237319,126.98411772278185
대한극장,중구,필동,37.5610736217275,126.99535154665216
명동난타극장,중구,명동,37.5634549349494,126.98376241077356
한조연예기획,중구,동화동,37.56145078639725,127.0206868673118
남정호무용단,중구,장충동,37.55118171365089,126.9965862645614
한국충효사적선양회,중구,다산동,37.55646674526724,127.00979062303244
극단디딤레퍼토리,중구,신당5동,37.56451906061081,127.02035744160372
(주)메드컴,중구,장충동,37.56274116542257,127.00940517525154
소공연장,중구,신당동,37.565930377455615,127.01485928675535
서울남산국악당,중구,필동,37.55837871586199,126.99398323690578
명동예술극장,중구,명동,37.56397764894678,126.984217123858
해치홀,중구,명동,37.562500625471,126.98516198850912
극단동쪽나라,중구,장충동,37.559725193884056,127.00487021414988
(주)한컴,중구,소공동,37.563732224380544,126.9749288569617
동진기획,중구,소공동,37.564691678830464,126.97658273008555
(주)누리기획,중구,광희동,37.5620413835733,126.99547754469648
메디칼필하모니,중구,필동,37.56027646565523,126.99375746257702
광개토기획,중구,필동,37.56146156488746,126.99392653977742
페인터즈 서대문 전용,중구,소공동,37.56585842959183,126.96754501408458
동국대학교 이해랑예술극장,중구,필동,37.558391035691855,127.0005889346397
명치대학만도린OB구락,중구,회현동,37.55811743833098,126.97218541461444
다빈치가무단,중구,소공동,37.56208426158232,126.97800337252468
이흥열가무단,중구,청구동,37.55634915392005,127.01495443917209
한국바젤요들클럽,중구,명동,37.567092095620325,126.99057020865556
한국관악협회,중구,신당동,37.56573506821465,127.0142970351586
스타월드,중구,명동,37.56254990313263,126.984103263658
극단라이프,중구,황학동,37.56553990027636,127.02300424444957
소뚜껑인형극단,중구,중림동,37.55835564671304,126.9638634876502
애드케이,중구,필동,37.56164258861512,126.99111481510604
훼밀리가무단,중구,신당동,37.56088807511941,127.0129870397634
극단 멋진친구들,중구,장충동,37.5599545290937,127.00835217447076
삼성물산(주),중구,소공동,37.562385845267066,126.97545150756736
(주)계성문화,중구,명동,37.56849117430424,126.97959547025334
극단소리,중구,광희동,37.56553520693406,127.00734394942616
음악춘추사,중구,약수동,37.55333054605629,127.01501678501688
한국의집민속극장,중구,필동,37.56014038054607,126.99460529859228
신영아트,중구,명동,37.56199948244927,126.98861258402326
이벤트프로,중구,필동,37.56145939643438,126.99686305652256
국제연예인종합예술단,중구,청구동,37.55711242134262,127.01277174039068
(주)서울이데아,중구,필동,37.56046633569578,126.99176425390424
이주희귀국독주회,중구,신당동,37.56178144032076,127.01150066621796
아시아연예이벤트,중구,황학동,37.56554719618006,127.02282675599304
프로이벤트엠엔에프,중구,명동,37.56355744043226,126.98418468531374
서울구락가무단,중구,명동,37.56156919691771,126.98847183102666
월드비젼,중구,필동,37.56290092156494,126.99052647963524
신세계남산 트리니티홀,중구,장충동,37.56071274787433,127.00617944892365
을지공간,중구,을지로동,37.5671035285988,126.99768721799605
동자아트홀,용산구,남영동,37.55167222598127,126.97321034493164
일신홀,용산구,한남동,37.53717517466392,127.00557919352212
Under Stage (언더스테이지),용산구,한남동,37.53662929363323,127.00068082622818
가야관광호텔,용산구,남영동,37.54083453765303,126.97241926187132
코리아 임프라브 씨어터,용산구,한강로동,37.53153946383709,126.97186060970864
노들섬 라이브하우스,용산구,이촌2동,37.517994538175614,126.95764791827918
보광극장,용산구,보광동,37.52609891552607,126.99776272439236
블루스퀘어(Blue Square) 콘서트공연장,용산구,한남동,37.540704347631646,127.00264790992952
대원 콘텐츠 라이브,용산구,한강로동,37.52955828577544,126.9641568110051
극장 용,용산구,서빙고동,37.52303799283222,126.98223511878064
용산아트홀 대극장 미르,용산구,이태원1동,37.53256279167187,126.99017902737764
서울숲씨어터1,성동구,성수1가1동,37.54578339683254,127.04247887256427
헤르만아트홀,성동구,성수1가2동,37.54787867367408,127.0500657392692
우란2경,성동구,성수2가3동,37.54380656662834,127.05443071659889
소월아트홀,성동구,행당1동,37.55936547391286,127.0361222545061
백남아트홀,성동구,사근동,37.55774264095379,127.04739368243824
성수아트홀,성동구,성수1가1동,37.54541686995661,127.04697293853916
언더스탠드에비뉴 아트스탠드,성동구,성수1가1동,37.54360799784133,127.04364338343407
우인아트홀,광진구,중곡1동,37.56274869785797,127.0759756315922
pmf자양스테이션,광진구,자양1동,37.53461847005318,127.08303239987842
설렘아트홀,광진구,화양동,37.54702400602615,127.0723518432778
예스24 라이브홀,광진구,광장동,37.54573628602344,127.10805432172256
시립광진청소년센터 대극장,광진구,광장동,37.54618998155289,127.10651228230122
동서울아트홀,광진구,구의3동,37.534167631258335,127.09188770066103
학생회관 대공연장,광진구,군자동,37.55073577473098,127.07413144700745
서울상상나라극장,광진구,능동,37.549589883557104,127.0815780975902
무지개극장,광진구,능동,37.546802727610014,127.0778337556589
유니버설 아트센터,광진구,능동,37.55039634858144,127.087338116566
새천년관 대공연장,광진구,화양동,37.542542031230965,127.0737254094902
나루아트센터 소공연장,광진구,자양3동,37.53752067584664,127.07065021174832
충동소극장,광진구,자양3동,37.53225845759305,127.07064804064308
광진어린이공연장,광진구,중곡3동,37.56493885004512,127.08458737252845
Space 1,동대문구,청량리동,37.590519308409526,127.04282113390371
용두동 집 동네극장,동대문구,용신동,37.579173253705,127.02593643707011
엔에스엔 공연장,동대문구,장안2동,37.569290537613085,127.07053585283076
동원비디오소극장,동대문구,전농1동,37.5815302588739,127.04733575786425
제기소극장,동대문구,제기동,37.57891033459652,127.04022256509856
성보비디오소극장,동대문구,전농1동,37.58189911091106,127.04787234403906
해천시네마극장,동대문구,전농1동,37.581713325991984,127.04764595789284
제일시네마,동대문구,전농1동,37.58258515355613,127.04873188046597
상봉시네마,중랑구,상봉2동,37.5968233448788,127.08894320177168
중랑구민회,중랑구,면목4동,37.57355039702716,127.0853571061484
중랑구민회관 소공연장,중랑구,면목4동,37.57372395159096,127.08475659311864
공감M 아트센터,성북구,삼선동,37.59188625440856,127.01402672579655
놀터예술공방,성북구,성북동,37.58951389214339,127.00703388247996
천장산우화극장,성북구,월곡2동,37.60500380676916,127.0507424167336
하땅세 극장,성북구,성북동,37.58872455060645,127.00516636254956
꿈빛극장,성북구,길음1동,37.60375171027536,127.0221534457566
미아리고개 예술극장,성북구,돈암1동,37.597801409876624,127.02143859916596
삼청각 (623-85-01944),성북구,성북동,37.59714512434169,126.98432198871542
서울씨어터 202,성북구,성북동,37.58920387517729,127.00610089278834
이어령예술극장(한국예술종합학교),성북구,석관동,37.603799862235846,127.0558626562805
극장 봄,성북구,삼선동,37.5875794103034,127.00731152337828
뜻밖의 극장,성북구,동선동,37.59250690362072,127.01814460165082
공간 222,성북구,삼선동,37.58938613202924,127.0087920033606
여행자극장,성북구,성북동,37.58894391728194,127.00465302762169
성북마을극장,성북구,동선동,37.5916478953334,127.01734211457268
강북솔밭국악당,강북구,우이동,37.6546789733132,127.01267517667208
강북진달래홀,강북구,인수동,37.64079174702857,127.0134278925971
명아락아트홀,강북구,수유3동,37.640042309512936,127.022328431969
꿈의숲 퍼포먼스홀,강북구,번3동,37.62177217541858,127.04117423649456
BUNKER 1-1 씨어터,도봉구,도봉2동,37.69155554467394,127.04682493619627
도봉구민회관 하모니홀,도봉구,창5동,37.65410359776945,127.03862692364947
시립창동문화체육센터 공연장,도봉구,창4동,37.65817776228047,127.05074031407484
창동 극장,도봉구,창4동,37.652841981571896,127.05162040240214
옴니아트홀,노원구,중계2·3동,37.63882759051545,127.06475470517124
서울시립노원청소년수련,노원구,상계6·7동,37.64008671783186,127.05898432876616
광운대학교 동해문화예술,노원구,월계1동,37.62014380184756,127.05734597171144
노원문화예술회관대공연장,노원구,중계본동,37.650161885369045,127.07999051007832
노원 어린이극장,노원구,상계6·7동,37.654451530801566,127.06369157340949
은평문화예술회관 공연장,은평구,녹번동,37.60391689617586,126.92836378350164
영산양재홀,서초구,양재1동,37.48047731015237,127.038405539855
연희예술극장,서대문구,연희동,37.56562617901578,126.92859411993604
원더로크 홀,서대문구,신촌동,37.556562854760216,126.94023265973884
극장 PLOT,서대문구,신촌동,37.55761712737779,126.93820617189132
북아현아트홀,서대문구,충현동,37.56185851096426,126.95543328332346
복합문화공간 몽향,서대문구,신촌동,37.55652761996709,126.93502172725992
금호아트홀 연세,서대문구,신촌동,37.56470050709815,126.93949724619168
신촌문화발전소,서대문구,신촌동,37.557959728728726,126.93975955126668
리움홀,서대문구,신촌동,37.56412932346555,126.9445168352608
모두예술극장,서대문구,충현동,37.560130252455565,126.96225681886884
무신사 개러지,마포구,서교동,37.551612547015935,126.91983719885238
문화공간 너나들이,마포구,공덕동,37.550893934238026,126.96122669676724
구름아래소극장,마포구,서교동,37.55418879420099,126.92854013228695
아로아로,마포구,합정동,37.55306501638425,126.9117604707447
틸라 지하(THILA JIHA),마포구,서강동,37.54529461305076,126.92444282847552
메리홀,마포구,대흥동,37.55123162725492,126.93927435696703
마포아트센터 아트홀맥,마포구,대흥동,37.54998537532996,126.94555982441824
가온스테이지,마포구,서교동,37.55308888670254,126.91748393434553
옥타바리움 라이브홀,마포구,서교동,37.550909938244864,126.92389114410588
스페이스 브릭,마포구,서교동,37.55121778808516,126.9196332010028
디에스엠아트홀,마포구,서교동,37.55030074254788,126.91760244557692
드림홀,마포구,서교동,37.55032055158242,126.91579014198952
디지티(DGT) 컨텐츠공방,마포구,용강동,37.54364024378947,126.9468668333778
G 블레싱 소극장,마포구,서교동,37.5550583761684,126.93333177224838
소극장 산울림,마포구,서교동,37.55507701074809,126.93010206296054
청년문화공간JU동교동 다리소극장,마포구,서교동,37.55722877011117,126.92305034076765
롤링홀,마포구,서교동,37.54848627839655,126.92013344537828
포스트극장,마포구,서강동,37.55413134238116,126.92967499868422
상상마당 라이브홀,마포구,서교동,37.55100225250394,126.92103386141883
씨제이아지트(CJ azit),마포구,신수동,37.54425236321713,126.9302123627787
홍대난타극장,마포구,서교동,37.55326266802472,126.92124423973269
윤형빈 소극장,마포구,서교동,37.55217722774584,126.9223635698728
웨스트브릿지 라이브홀,마포구,서교동,37.55365192528964,126.92615397293396
띠아트,마포구,서교동,37.55285033527286,126.92272172419564
클럽 샤프,마포구,망원1동,37.55362677921728,126.9092444046568
문화비축기지 T2 공연장,마포구,성산2동,37.57038125261971,126.89429568136023
임혁필 소극장,마포구,합정동,37.549483629362825,126.90930616200332
신한카드 SOL페이 스퀘어 라이브홀,마포구,서교동,37.55093562269037,126.91378253003644
아트홀 베짱이,마포구,서강동,37.54847797121897,126.92152649798147
얼라이브홀,마포구,서교동,37.54870743672963,126.9191557369674
제일라아트홀,마포구,상암동,37.57504662933976,126.8954797897592
벨로주,마포구,서교동,37.552429391653256,126.91881669367184
서교스퀘어,마포구,서교동,37.55079892983399,126.91672222442097
스페이스 한강,마포구,서강동,37.55329876613471,126.92763117487716
프리즘홀,마포구,서교동,37.551659013817485,126.9175086582124
라디오가가,마포구,서교동,37.55230124569024,126.91383408067992
H 스테이지,마포구,서교동,37.55311633623288,126.92434837538964
제이엘 씨어터,마포구,서교동,37.55311559745134,126.92215928171257
홍대스테이지(ㅎㄷSTAGE),마포구,서교동,37.55112765673297,126.92149678198804
콘서트홀 나누,마포구,망원1동,37.55704899664776,126.90420970252106
코바코홀(Kobaco Hall),양천구,목1동,37.52695970015723,126.8715055158377
양천문화회,양천구,신정6동,37.51655316865293,126.86326315899294
로운아트홀,양천구,목1동,37.52709050622436,126.87061896523326
아이누리홀,양천구,신정7동,37.51075909255368,126.8701550183136
강서아트리움 아리홀,강서구,화곡1동,37.53772073378924,126.83769159073375
스카이아트홀,강서구,등촌3동,37.55797677817896,126.8492307081356
강서구민회,강서구,우장산동,37.55193457676796,126.8416092804754
오아시스아트홀,강서구,염창동,37.55397370450816,126.87421001844967
LG아트센터 서울 LG SIGNATURE 홀,강서구,가양1동,37.56782244097957,126.8323394275276
시립목동청소년센터,양천구,목1동,37.53073678334391,126.87548294651106
소극장 길을걷다,강서구,우장산동,37.54289840488278,126.84174709711388
오류아트홀,구로구,오류1동,37.49578200967386,126.84737403082906
칸태움극장,구로구,구로3동,37.48217092519118,126.8988986718802
CGV구로10,구로구,구로5동,37.50117736161038,126.8828395061003
송해아트홀,구로구,신도림동,37.506968332650544,126.88360492031411
태양비디오소극장,구로구,가리봉동,37.48009904711252,126.89112279119028
가리봉비디오,구로구,가리봉동,37.48019699893179,126.89056582743127
구로구민회,구로구,구로5동,37.49694807450393,126.88955619475443
구로아트밸리 예술극장,구로구,구로5동,37.49655932700448,126.88896417944954
디큐브아트센터(디큐브씨어터),구로구,신도림동,37.50858566381687,126.88889776673447
예술나무Theater,구로구,구로5동,37.49989749273304,126.88411308168014
꿈나무극장,구로구,구로4동,37.48972086377809,126.88655400581276
수상한창고,금천구,시흥5동,37.45066316152658,126.90871947581935
문화공간 아이원,금천구,시흥1동,37.44878189512925,126.90235936924395
금천뮤지컬센터,금천구,독산1동,37.46846293023016,126.89443212297634
문화정원 아트홀,금천구,독산1동,37.47185296537226,126.89592934057114
레미어린이극장,금천구,독산1동,37.47059461289128,126.89571324103024
구민문화체육센터극장,금천구,독산4동,37.47013870784281,126.9072635102705
금나래아트홀,금천구,시흥1동,37.4568176005023,126.89540859918792
금천문화회관 공연장,금천구,시흥3동,37.44662987681007,126.9041883215188
영산아트홀,영등포구,여의동,37.52925376708944,126.92491315430492
영등포아트홀,영등포구,당산1동,37.5261859819992,126.9001403289221
TCC아트홀,영등포구,당산2동,37.52927005377273,126.89538259663571
푸른극장,영등포구,영등포동,37.52059986550282,126.90566479233274
신영체임버홀,영등포구,여의동,37.521230366757095,126.92889142768868
메타컬처센터,영등포구,문래동,37.51944442733143,126.89806289022404
KBS홀,영등포구,여의동,37.52536298448204,126.91638209645636
창작플랫폼 경험과 상상,영등포구,당산2동,37.53308220548789,126.89838568963376
후케즈(HUKEZ),영등포구,문래동,37.51196310295197,126.89309197329028
MH LIVE HALL,영등포구,영등포동,37.52154756133758,126.9123896620453
미산소극장,영등포구,영등포동,37.51840793575525,126.90945365571852
경원극장,영등포구,영등포동,37.51926259625126,126.90976158070734
연흥,영등포구,영등포동,37.51865425755447,126.90985273369698
(주)63시티,영등포구,여의동,37.51983446768117,126.9400724708956
영등포극장,영등포구,영등포동,37.51934097543953,126.90670311106902
남도극장,영등포구,당산1동,37.52046819084868,126.8997404412688
드라마소극장,영등포구,영등포동,37.51826558991265,126.90911171393115
코리아나 오케스트라,동작구,신대방2동,37.49755302106077,126.92929477729632
사군자,동작구,노량진2동,37.50968186190416,126.93664147722632
인하대학교 고전기타회 OB,동작구,노량진1동,37.511812104202434,126.94382486615048
김상건 민족 예술단,동작구,사당5동,37.48716589544001,126.96676665428753
우리가곡 연구회,동작구,사당2동,37.49668244225813,126.98183280576076
홍운철 실내악단,동작구,신대방1동,37.49184049956868,126.90958750623952
센무회,동작구,사당3동,37.485502253673786,126.96974783708968
김영희 귀국 독창회,동작구,대방동,37.5012630840894,126.9263169388312
미래 악회,동작구,상도4동,37.49571247080552,126.94497544643212
이양순 피아노 리싸이틀,동작구,사당2동,37.48761043759956,126.9801106416932
설진히 독창회,동작구,흑석동,37.51075963537686,126.95974303123307
광인 성악 연구회,동작구,사당1동,37.477226809977154,126.97984697437698
티엔씨,동작구,사당3동,37.48495567145094,126.97259833499848
김지혜 바이올린 독주회,동작구,상도4동,37.49708786971744,126.94558905589896
서경숙 귀국 피아노 독주회,동작구,대방동,37.50585868670082,126.93435457603437
극단 무궁화,동작구,사당2동,37.488754045271165,126.98032627219344
DACOM 천리안 연극마당 동호회,동작구,상도1동,37.5071803201666,126.95138957493404
꼴로르 현악 4중주단,동작구,대방동,37.51269548561335,126.93077504967964
김유봉류 봉산 탈춤 보존회,동작구,흑석동,37.50690349797633,126.96958209802058
도깨비 나라 인형극단,동작구,사당1동,37.47913399270944,126.9806255221258
극단 이지,동작구,신대방1동,37.48845277082902,126.91192956498168
음악 예술 학회,동작구,상도4동,37.49726038138204,126.9353219279448
극단 교주,동작구,사당3동,37.48566855784896,126.9721002032439
총신 대학,동작구,사당3동,37.490761950530434,126.96712654474616
서울 초등 교사 풍물 연구회[훈장],동작구,사당3동,37.48688291291853,126.97921908907068
박미리파리프 오른간 독주회,동작구,노량진1동,37.51152509080354,126.95193990239488
극단예인,동작구,상도4동,37.50243989649767,126.93649915486776
하나김 가무단,동작구,노량진2동,37.509081390888376,126.93830174586353
전통예술 연구완(풍물패 울림),동작구,상도2동,37.503995987892544,126.94608472485248
강동어린이회관 아이누리홀,강동구,성내1동,37.529176516786514,127.12245283384463
극단 사람,동작구,상도2동,37.50161059049076,126.93961928248612
하나로 21,동작구,대방동,37.4999027445724,126.92891658383375
곽종목,동작구,사당5동,37.48511279503873,126.96817884534764
뮤직앤아트스튜디오,동작구,사당1동,37.48443315518589,126.98046515358324
서경프로덕션,동작구,사당3동,37.487754916164754,126.96977972347456
안병한 이벤트,동작구,사당2동,37.49285578829341,126.97855371708587
김길동 가무단,동작구,신대방1동,37.48878824175559,126.90945237476905
전설,동작구,흑석동,37.50001687560311,126.96116637670096
윤호문,동작구,사당2동,37.49038610894553,126.98114507991195
조은빛 기획,동작구,신대방1동,37.49025765730515,126.90826256394348
우리 민족 예술단,동작구,흑석동,37.50163335735554,126.9613159074812
RUN,동작구,대방동,37.50656186967643,126.93304926877448
이수경 독창회,동작구,노량진1동,37.51112423854772,126.94733964213876
한국 청음 장애 극단,동작구,노량진1동,37.510406402261744,126.944628537403
극단예절,동작구,사당3동,37.48548758497285,126.97613945438223
강동비디오소극장,강동구,천호2동,37.54086416564899,127.12721895601484
에이레레 드라마 연구소,동작구,신대방1동,37.487581969604086,126.91103643992042
꿈꾸러기,동작구,상도3동,37.49470310310473,126.93523326608052
독창회,동작구,신대방2동,37.49556876467216,126.91524053898948
밀라노,동작구,사당3동,37.49140797891373,126.9687794665452
유니버스소극장,강동구,성내2동,37.53729233994024,127.12652758619193
백수광부,동작구,노량진1동,37.50866708801229,126.94035548032863
김문애 부동산,동작구,사당2동,37.48963980396449,126.9759403628531
날개,동작구,상도2동,37.50267643406759,126.9377913436162
이수 소극장,동작구,사당2동,37.48624763033606,126.98166105525256
극산 산맥,동작구,상도1동,37.50319194356086,126.95206660478348
뮤직 파라솔 최형호,동작구,상도4동,37.4979874695498,126.94056511835248
가스펠,동작구,사당1동,37.48220495963495,126.97709031526166
국화소극장,동작구,상도2동,37.5047776838824,126.9412680490502
아세아나 가무단,동작구,노량진2동,37.5110453576818,126.93781572049784
이화밴드 가무단,동작구,신대방2동,37.497343963373005,126.92525858695367
죠커스 악단,동작구,상도1동,37.50423646779674,126.94766832305156
관악아트홀,관악구,대학동,37.46751513332951,126.94480540457248
광태소극장,관악구,대학동,37.46880222137476,126.93564084768846
SCC Hall 서초,서초구,서초3동,37.4817445710468,127.0144814268677
,서초구,서초3동,37.4934295150062,127.00727663891293
IBK기업은행 챔버홀,서초구,서초3동,37.48108712083635,127.0152453937302
두리춤터(FOYER),서초구,방배본동,37.49309976236966,126.98913521354272
씨어터 송,서초구,서초3동,37.49324003246255,127.00826024874372
반포시네마,서초구,반포4동,37.50488949204132,127.00209096811166
반포시네마,서초구,반포4동,37.50551940733275,127.00706272723836
한전아트센터,서초구,서초2동,37.48570005796155,127.0279982055583
한국예술종합학교 이강숙홀,서초구,서초3동,37.47764987921624,127.01044774807924
SCC 선 아트홀,서초구,양재2동,37.47111438549769,127.04383787535087
모차르트 콘서트홀,서초구,서초3동,37.486420995433214,127.0045483553475
반포심산아트홀,서초구,반포2동,37.49883611837912,126.99124362069318
서래아트홀,서초구,반포4동,37.49747625621386,127.00031024983927
슈필렌 아트홀,서초구,반포3동,37.50616261097411,127.00108326460207
페리지홀,서초구,서초3동,37.48222022598518,127.01266539992804
IPAC아트홀,서초구,서초1동,37.48687185873082,127.0154069309395
WOONGs HALL,서초구,서초3동,37.487981513249615,127.01053796292624
로데아트센터 콘서트홀,서초구,서초3동,37.4831462798553,127.01029836753963
클래식라운지,서초구,방배본동,37.49640151895136,126.98433465263668
서초아트센터,서초구,서초1동,37.48702104902242,127.0219546816468
Sound360,서초구,서초3동,37.481801596003095,127.01318541381826
라율아트홀,서초구,서초3동,37.48246116278118,127.012651813272
흰물결예술극장,서초구,서초3동,37.49304415467294,127.00746795766976
서초문화예술회관 아트홀,서초구,양재1동,37.48168913546101,127.0358258330944
예인아트홀,강남구,청담동,37.52704038038459,127.04618945237048
미스틱,강남구,청담동,37.524491864635294,127.0398381968393
테크인홀,강남구,압구정동,37.52336833487463,127.0374303364758
광야 아트센터,강남구,청담동,37.52386596577532,127.0396188293106
광림아트센터 BBCH홀,강남구,신사동,37.52388816840418,127.025153133462
세일아트홀,강남구,역삼2동,37.49722117329571,127.03901765082182
JADE409(제이드409),강남구,삼성2동,37.50549396209814,127.05042999166882
거암아트홀,강남구,신사동,37.51945825233057,127.01911877697071
백암아트홀,강남구,삼성1동,37.51053886924556,127.0659125156318
M극장(DTM),강남구,개포4동,37.47368907887588,127.05294800370189
KT&G 상상마당 대치아트홀,강남구,대치2동,37.50660977289842,127.06536999518636
민속극장 풍류,강남구,삼성2동,37.51023013941131,127.04464843765172
강남구민회관 강당,강남구,대치2동,37.49385081876935,127.06415008346748
한국문화의집 KOUS,강남구,대치2동,37.50684022821638,127.06046798476788
세라믹팔레스홀,강남구,일원본동,37.48577264677007,127.08231944241804
강남씨어터,강남구,역삼1동,37.49535570946746,127.03324978781426
광림아트센터 장천홀,강남구,신사동,37.52424472642026,127.02678418278347
KB아트홀,강남구,역삼1동,37.49919400098502,127.03026525923396
삼익엠팟홀,강남구,논현1동,37.51413116232344,127.0291812577498
세실 아트홀,강남구,압구정동,37.52815429017753,127.03184617721868
coex 신한카드 artium,강남구,삼성1동,37.51039873986919,127.0611935747726
씨네월드2,강동구,성내1동,37.52853162029625,127.12514855790502
윤당아트홀,강남구,압구정동,37.52564554917912,127.03386826649532
오유아트홀,강남구,도곡2동,37.48373382644053,127.04637539992268
오퍼스홀,강남구,신사동,37.52278176234893,127.0273804770301
선릉아트홀,강남구,역삼1동,37.5047896075904,127.04846051934726
spigen hall,강남구,삼성2동,37.51133340769431,127.0484375294771
플랫폼라이브,강남구,논현2동,37.51609171747676,127.03429294158994
씨스퀘어(C-SQUARE),강남구,대치2동,37.50383354478398,127.06662971544073
두남재아트홀,강남구,역삼1동,37.49552988090691,127.03106876895389
풍림홀,강남구,논현2동,37.51151435041065,127.04224521761364
아트홀제이,송파구,방이2동,37.51653611021531,127.11425467674408
K-아트홀,송파구,오륜동,37.51702043637211,127.12604419462744
가든스테이지,송파구,잠실3동,37.51128746823461,127.09793930004804
DNG HALL,송파구,방이2동,37.508451579760745,127.11609765951344
롯데콘서트홀,송파구,잠실6동,37.513102015650425,127.10343347292932
우리금융아트홀,송파구,오륜동,37.52103235308566,127.116165306935
호원아트홀,강동구,성내3동,37.52629487332266,127.13032767871516
암사어린이극장,강동구,암사3동,37.56345580247063,127.13336190335669
강동기리울공연장,강동구,길동,37.53610619107225,127.14292746115984
메가박스중앙(주) 상봉지점,중랑구,상봉2동,37.593233617223234,127.07468156376872
씨티극장,강남구,역삼1동,37.50037601170024,127.02691593200709
독립영화전용관 인디스페이스,마포구,서교동,37.55719286337483,126.92475870004284
허리우드클래식,종로구,종로1·2·3·4가동,37.57257583585731,126.98780377653816
씨네큐브광화문,종로구,사직동,37.5697291837489,126.97228817503286
에무 시네마,종로구,사직동,37.57208099763952,126.96902225155723
CGV 대학로,종로구,혜화동,37.58346485214644,126.99984640933266
CGV피카디리1958,종로구,종로1·2·3·4가동,37.57103714331702,126.9912292022095
(주)지원엠엠시네마 동대문지점,중구,광희동,37.56687408280544,127.00728116969722
인사이드시네마,중구,명동,37.56132919771541,126.98535309319382
KTX시네마,중구,회현동,37.558201590547625,126.969585375096
CGV 명동,중구,명동,37.56341414714094,126.98289078110506
씨너스 이오이(EOE),중구,장충동,37.5515447009082,127.00253889561569
씨지브이 용산아이파크몰,용산구,한강로동,37.531607179700494,126.9653129839984
롯데시네마 용산,용산구,한강로동,37.53281532949463,126.95972773677389
메가박스중앙(주) 성수지점,성동구,성수1가1동,37.5418708099638,127.04495557812992
CGV 왕십리,성동구,행당1동,37.5612898353071,127.03838206151087
롯데시네마 건대입구관 (),광진구,자양3동,37.53780399651261,127.07263231029228
CGV 건대입구,광진구,자양4동,37.53978864507599,127.06693457169456
CGV강변11,광진구,구의3동,37.53570056391755,127.09576504187868
코엑스 Dolby Cinema,강남구,삼성1동,37.51252199500812,127.05881955965232
메가박스 군자9,광진구,군자동,37.55579071140081,127.07833844204671
클래식시네마스페이스(주),강남구,논현1동,37.51625860369051,127.0206195163492
롯데시네마청량리,동대문구,전농1동,37.58097816160526,127.04699263480272
주공공이,강남구,역삼1동,37.50165323811407,127.026375183626
CGV상봉3,중랑구,상봉2동,37.59744128648893,127.09224161523464
롯데시네마 중랑관,중랑구,묵2동,37.61514395064936,127.0760085698951
아리랑시네센터,성북구,돈암2동,37.59991930044127,127.01390252936883
"CGV 성신여대입구 02-3415-6781,",성북구,동선동,37.59260596532577,127.0171768197204
(주)쎄니트 수유지점 롯데시네마 수유,강북구,번1동,37.63569289310829,127.02381739582611
씨지브이 미아점,강북구,송중동,37.61205746432323,127.03071555724016
CGV 수유,강북구,수유3동,37.64239193065397,127.0298526105066
CGV 방학 4DX,도봉구,방학1동,37.66533870267271,127.04366575065607
메가박스 창동,도봉구,창5동,37.65460026953959,127.03877154396002
롯데시네마 노원(),노원구,상계2동,37.65514500389338,127.0610786422592
CGV 중계,노원구,중계2·3동,37.63991947627024,127.06860854040232
더숲 아트시네마,노원구,상계6·7동,37.65416083019098,127.0614398086207
CGV불광,은평구,대조동,37.60972224389019,126.92900391163988
씨네마강남 대,강남구,논현1동,37.51700833329621,127.02255731914592
롯데시네마 은평,은평구,진관동,37.63748355795564,126.91802331576622
메가박스중앙(주)신촌지점,서대문구,신촌동,37.5597955635108,126.94191767435832
라이카시네마,서대문구,연희동,37.5651660517414,126.93093399241997
메가박스중앙(주) 홍대지점,마포구,서교동,37.55606742550445,126.92209353460098
모노플렉스 앳 라이즈,마포구,서교동,37.55443307251917,126.92125116146944
CGV홍대,마포구,서교동,37.55642718275038,126.92275862004428
롯데시네마 홍대입구관,마포구,서교동,37.55733046712809,126.92530840198692
CGV연남,마포구,서교동,37.55767204740669,126.92590451083586
메가박스중앙(주) 목동지점 COMFORT,양천구,목1동,37.529374291049926,126.87608391619764
메가박스중앙(주)더부티크목동현대백화점101(COMFORT),양천구,목1동,37.526855196772416,126.87503495321108
CGV 등촌,강서구,등촌1동,37.55786841313709,126.85604641927338
메가박스중앙(주) 마곡지점,강서구,가양1동,37.55930354955572,126.83522315960222
롯데시네마 김포공항 (),강서구,방화2동,37.5650604402006,126.80299201680056
메가박스 화곡,강서구,화곡1동,37.54058878962093,126.83756889613755
롯데시네마 가양,강서구,등촌3동,37.5616117349553,126.85326753108475
CINE Q 신도림점,구로구,구로5동,37.506974733497856,126.89031934509856
CGV압구정,강남구,압구정동,37.52458380505591,127.02882790945016
롯데시네마 독산,금천구,독산1동,37.469408247442345,126.89745288778592
롯데시네마 가산디지털(),금천구,가산동,37.47758297525385,126.88908469530156
CGV 영등포,영등포구,영등포동,37.51707629305119,126.90334116767204
CGV여의도 [CGV아트하우스],영등포구,여의동,37.52497944321478,126.92529852383826
롯데시네마 영등포,영등포구,영등포본동,37.51592406316609,126.90737275165344
메가박스(주) 이수지점,동작구,사당1동,37.48476182584653,126.98152076437708
떼아뜨르 이동영화,구로구,개봉3동,37.48561089947159,126.85074439063662
롯데시네마 신대방,동작구,신대방1동,37.48631754588156,126.90522984828422
강남비디오소극장,강남구,논현1동,37.51155878970422,127.02385939659078
롯데시네마 서울대입구,관악구,청룡동,37.48102656735341,126.95220753993576
롯데시네마 신림,관악구,서원동,37.48383649316738,126.93017379365894
CGV Salon 서초,서초구,서초2동,37.48908834257404,127.02617789265352
메가박스중앙(주) 센트럴 더부티크 103호,서초구,반포4동,37.504364940850046,127.00362119549855
메가박스중앙(주) 강남,서초구,서초4동,37.49794492391158,127.026537468476
롯데컬처웍스(주) 도곡7,강남구,도곡1동,37.48745427522367,127.0471316549054
씨네 드 쉐프,강남구,압구정동,37.52434343574547,127.0294113821924
메가박스 브로드웨이,강남구,논현1동,37.5165399306523,127.02155921303128
픽처하우스,강남구,신사동,37.52300687925515,127.02201916248868
씨네예술관,강남구,논현2동,37.52101665152779,127.03550764391105
씨네하우스,강남구,논현2동,37.52157902287646,127.03545618041426
메가박스 브로드웨이,강남구,논현1동,37.516447277150725,127.02193834535773
CGV 청담씨네시티 CINEMA SWEETBOX,강남구,압구정동,37.52289611418906,127.037049290172
CGV 송파,송파구,문정2동,37.47764951255564,127.124996445227
메가박스 송파파크하비오점(),송파구,문정2동,37.48060558932544,127.12366649346798
롯데시네마,강동구,성내2동,37.53662129010424,127.12533753381504
CGV 천호,강동구,천호1동,37.545718672621135,127.14225097501776
남산공원,중구,회현동,37.55583118753096,126.9822743518078
길동생태공원,강동구,길동,37.541832907617305,127.15415573412058
서울대공원,과천시,문원동,37.43661588830112,127.01202395326928
서울숲,성동구,성수1가1동,37.54587120677799,127.042605101164
월드컵공원,마포구,성산2동,37.566626147528005,126.89504745812027
광화문시민열린마당,종로구,청운효자동,37.57778310419263,126.97876012564146
진관근린공원(구파발폭포),은평구,진관동,37.63958877076865,126.91994139637497
중마루근린공원,영등포구,영등포동,37.5226100364949,126.91212392689698
응봉공원 (대현산배수지공원),중구,동화동,37.55973939895701,127.02212087675336
매화근린공원,강서구,가양3동,37.56022835929867,126.86171402098933
성수근린공원,성동구,성수2가3동,37.54748411425748,127.05327027870634
샛마을근린공원,강동구,명일1동,37.55384585804265,127.14717541871472
여의도근린공원,영등포구,여의동,37.52968130420544,126.92413399728
간데메근린공원,동대문구,전농1동,37.575543876521536,127.04991605258304
훈련원근린공원,종로구,종로5·6가동,37.57025132732797,127.00419837288298
영등포근린공원,영등포구,영등포동,37.51806694851131,126.91172178964857
보라매근린공원,동작구,신대방2동,37.4975993305229,126.92028110215531
어린이대공원,광진구,능동,37.55204030069604,127.08123737924508
천호근린공원,강동구,천호2동,37.546559032032114,127.12633690813108
용산가족공원,용산구,서빙고동,37.523047707366494,126.985863053913
독립근린공원,종로구,무악동,37.57558913781831,126.95910923202752
낙산근린공원,성북구,삼선동,37.58319561070719,127.0079352186181
매헌시민의숲,서초구,양재2동,37.47271834223091,127.0372660561047
관악산공원,관악구,대학동,37.44782815958836,126.96464259769056
효창근린공원,마포구,공덕동,37.547942020785605,126.96101135135766
감로천생태공원(관악산),금천구,독산4동,37.47092948612962,126.90887041824612
개운산근린공원,성북구,종암동,37.599514190126925,127.0268545788678
개웅산근린공원,구로구,오류2동,37.4903095553716,126.84657294700324
경희궁,종로구,사직동,37.57350686717841,126.96955333953773
국립현충원,동작구,사당2동,37.50260359757136,126.97312976718518
계남근린공원,양천구,신정3동,37.515714133383895,126.84907133962828
고척근린공원,구로구,고척2동,37.50870957497967,126.85305551229334
파리근린공원,양천구,목5동,37.53751377955252,126.87766118541778
허준공원,강서구,가양2동,37.57034075646126,126.8545363728978
궁동근린공원,서대문구,연희동,37.57404665419242,126.9259449448212
궁산근린공원,강서구,가양1동,37.57649336331527,126.8412911657516
까치산근린공원,동작구,사당5동,37.487251111708325,126.96426684739453
꿩고개근린공원,강서구,방화3동,37.58261551110383,126.81849421986423
노량진공원,동작구,대방동,37.50981315689847,126.92879181078897
답십리근린공원,동대문구,전농2동,37.57660531695533,127.0646493016152
대모산도시자연공원,강남구,개포2동,37.48247398414134,127.07538702878205
탑골근린공원,종로구,종로1·2·3·4가동,37.57406624337455,126.98909803465696
갈산근린공원,양천구,신정7동,37.50926072404624,126.86956699156045
천마근린공원,송파구,마천2동,37.50258067769656,127.15827107527812
도곡근린공원,강남구,도곡1동,37.49303549042049,127.04585931139408
도산근린공원,강남구,압구정동,37.52738815676458,127.03581175303955
청량공원,성북구,석관동,37.60715504943452,127.05207375886928
초안산근린공원,도봉구,창1동,37.6515528860914,127.04184639547633
동명근린공원,강동구,고덕2동,37.56243640994227,127.1684602053518
마로니에공원,종로구,이화동,37.583414297601166,127.0032439571792
자매근린공원,영등포구,여의동,37.52047889082837,126.93143076680474
장지근린공원,송파구,장지동,37.48513716880941,127.13025733889285
명일근린공원,강동구,상일1동,37.55534941952783,127.1610840277546
방화근린공원,강서구,방화2동,37.584523708527485,126.8143295971791
아시아근린공원,송파구,잠실2동,37.51308746544776,127.07731688983904
배봉산근린공원,동대문구,휘경2동,37.58483879316172,127.06644018963856
안산도시자연공원,서대문구,연희동,37.582343463769504,126.93937096015088
염창근린공원,강서구,염창동,37.5612143827958,126.8687464280124
백련근린공원,은평구,응암1동,37.59543576079856,126.92964614738452
오금근린공원,송파구,오금동,37.50324214460357,127.1324133095452
오동근린공원,강북구,번2동,37.63464166203455,127.03163422985187
봉산도시자연공원,은평구,구산동,37.61114230490784,126.9125613519884
온수도시자연공원,구로구,개봉1동,37.50479388009314,126.84111941889076
봉은공원,강남구,삼성1동,37.51718480961933,127.05797097923116
올림픽공원,송파구,오륜동,37.523811438952976,127.12188272152008
와룡근린공원,성북구,성북동,37.59414844444502,126.9937191318443
봉화산근린공원,중랑구,신내2동,37.61192620248656,127.08804593520918
북악산도시자연공원,종로구,부암동,37.59619521273473,126.974457001293
북한산국립공원,고양시 덕양구,효자동,37.63469157055824,126.97580230727552
외국인묘지공원,마포구,합정동,37.54927826711744,126.91215818807868
불광근린공원,은평구,불광1동,37.6198317832088,126.9308149154524
불암산도시자연공원,노원구,상계3·4동,37.66655091429465,127.09388733067266
용마폭포공원,중랑구,면목7동,37.576138126928015,127.08995771685656
사육신공원,동작구,노량진1동,37.51646331939025,126.94970503829236
용왕산근린공원,양천구,목2동,37.54555890974602,126.8783265727172
사직근린공원,종로구,청운효자동,37.5787878392148,126.96931462510908
우장산근린공원,강서구,우장산동,37.5541188899734,126.84298142815854
삼일근린공원,동작구,사당2동,37.4888393254963,126.97511097518662
삼청근린공원,종로구,삼청동,37.5944332879411,126.98301980542448
인왕산도시자연공원,종로구,청운효자동,37.58694668387342,126.96481199255793
상도근린공원,동작구,상도4동,37.496008659926446,126.94088206588584
일자산근린공원,하남시,초이동,37.540220447793374,127.1609009670458
쌍문근린공원,도봉구,쌍문4동,37.65614315239944,127.02830157690316
수락산도시자연공원,노원구,상계3·4동,37.6823449651739,127.07768541049212
송파나루근린공원(석촌호수),송파구,잠실3동,37.51159132986386,127.1012160331025
선유도근린공원,마포구,합정동,37.546418070518655,126.90163337995716
손기정체육공원,중구,중림동,37.558542723562,126.96551167019358
성북근린공원,성북구,정릉2동,37.59897847509677,127.00765134868465
봉제산공원,강서구,등촌2동,37.54585440864502,126.85590779521452
서울창포원,도봉구,도봉2동,37.69234472016536,127.0480528729308
북서울꿈의숲,강북구,번3동,37.62307644224682,127.04503677901153
서서울호수공원,양천구,신월3동,37.530176749194055,126.8312681549594
중랑캠핑숲,중랑구,망우본동,37.60899466551184,127.10970961858617
솔밭근린공원,강북구,우이동,37.65546087224038,127.01255169035367
금천체육공원(관악산),금천구,독산4동,37.47076253047653,126.9091469166253
금천폭포근린공원,금천구,시흥1동,37.44930090796776,126.90504474377492
만수천공원(관악산),금천구,독산3동,37.47726034618834,126.91037904784902
발바닥공원,도봉구,방학3동,37.662347143339,127.03033422725083
월천근린공원,담양군,금성면,35.33980111345073,127.05017208214008
용두근린공원,동대문구,용신동,37.57595722713949,127.03995635071487
상암근린공원,마포구,상암동,37.5796472162954,126.88661235160966
와우근린공원,마포구,서교동,37.55519668148659,126.930922910627
금호근린공원,성동구,금호2·3가동,37.55225789131377,127.01976505527662
달맞이근린공원,성동구,금호4가동,37.54650915618842,127.02168156213364
문정근린공원,송파구,문정1동,37.49061156270714,127.13131331681396
문화예술공원,서초구,양재2동,37.46945567673651,127.03127570454568
세종로공원,종로구,청운효자동,37.57631272474971,126.97672377263532
샘말공원(관악산근린공원 샘말지구),관악구,대학동,37.46692297496539,126.939231073074
푸른수목원,구로구,항동,37.485329627828456,126.82430847025252
서오능도시자연공원,은평구,진관동,37.640270714369706,126.91133904222562
청계산도시자연공원,서초구,양재2동,37.44532523712111,127.05485554003307
개화근린공원,강서구,방화2동,37.58418597342944,126.80763325139192
아차산공원,광진구,구의2동,37.55637459810685,127.10116606809558
인능산도시자연공원,서초구,내곡동,37.45102215699632,127.06744644832789
구룡산도시자연공원,강남구,개포4동,37.469347197103616,127.05452950186606
우면산도시자연공원,서초구,방배3동,37.47414857025698,127.00921803128844
향림근린공원,은평구,진관동,37.63223727644445,126.92532811111532
신사근린공원,은평구,신사1동,37.59509227228543,126.91094018731228
코리아나미술관,강남구,압구정동,37.524071,127.032811
밀알미술관,강남구,일원본동,37.48578132,127.0820739
피규어뮤지엄W,강남구,청담동,37.5257998,127.0403869
K현대미술관,강남구,압구정동,37.52438077,127.0391734
경기여고경운박물관,강남구,개포2동,37.48691615,127.0654539
세계골프역사박물관,강남구,대치2동,37.5080761,127.0620024
코리아나 화장박물관,강남구,압구정동,37.524071,127.032811
도산안창호기념관,강남구,압구정동,37.5239121,127.0356029
관세박물관,강남구,논현2동,37.51830058,127.0337768
탄허기념박물관,강남구,세곡동,37.4789983,127.1029546
호림박물관 신사분관,강남구,압구정동,37.5226393,127.0363446
포스코미술관,강남구,대치4동,37.50581326,127.056137
박을복자수박물관,강북구,우이동,37.65381634,127.0084901
허준박물관,강서구,가양2동,37.56787281,126.8510301
겸재정선미술관,강서구,가양1동,37.57222423,126.8384111
호림박물관,관악구,미성동,37.4808823,126.9182364
서울대학교 박물관,관악구,낙성대동,37.46803806,126.9592943
서울시립 남서울미술관,관악구,남현동,37.47605354,126.9794659
서울대학교 미술관,관악구,낙성대동,37.46803806,126.9592943
갤러리관악,관악구,청룡동,37.47825697,126.951506
건국대학교박물관,광진구,화양동,37.5391833,127.0747099
세종대학교박물관,광진구,군자동,37.552255,127.074732
평강 성서유물박물관,구로구,오류2동,37.4919053,126.8440613
삼육대학교 박물관,노원구,공릉2동,37.64335827,127.1088514
서울여자대학교 박물관,노원구,공릉2동,37.62878257,127.0889917
서울과학기술대학교 미술관,노원구,중계2·3동,37.639513857,127.067821263
옹기민속박물관,도봉구,쌍문1동,37.65448,127.01465
덕성여자대학교 박물관,도봉구,방학1동,37.66877,127.04707
산악박물관,도봉구,도봉1동,37.68748,127.03408
숭실대학교 한국기독교박물관,동작구,상도1동,37.49642897,126.9551579
서대문자연사박물관(3월~10월),서대문구,연희동,37.57675199,126.937836
서대문자연사박물관(11월~2월),서대문구,연희동,37.57675199,126.937836
서대문형무소역사관(3월~10월),서대문구,천연동,37.57460851,126.9556118
서대문형무소역사관(11월~2월),서대문구,천연동,37.57460851,126.9556118
한국전력공사,서초구,서초2동,37.4856225,127.0280788
대한불교 천태종 관문사,서초구,양재1동,37.47375033,127.0222823
매헌윤봉길의사기념관,서초구,양재2동,37.4730498,127.0369771
유리지공예관,서초구,양재1동,37.45775784,127.0123542
(재)한원미술관,서초구,서초3동,37.48178113,127.0154357
예술의전당 서울서예박물관,서초구,서초3동,37.4802402,127.0142152
예술의전당 한가람디자인미술관,서초구,서초3동,37.4802402,127.0142152
예술의전당 한가람미술관,서초구,서초3동,37.4802402,127.0142152
한양여자대학교 미술관,성동구,사근동,37.5579193904,127.0493225775
헬로우뮤지움,성동구,성수2가3동,37.5481760951,127.0532496803
한양대학교 박물관,성동구,사근동,37.5545035492,127.0466112167
수도박물관,성동구,성수1가1동,37.5421902768,127.039303238
청계천박물관,성동구,마장동,37.5712267,127.0350281
성북선잠박물관,성북구,성북동,37.59323425,126.9982055
성북구립미술관,성북구,성북동,37.5948078,126.9948864
고려대학교박물관,성북구,안암동,37.5864922167,127.0309795766
명원박물관,성북구,정릉3동,37.61028784,126.9985206
동덕여대박물관,성북구,월곡2동,37.60681483,127.0411763
성신여대박물관,성북구,동선동,37.59165248,127.0221456
간송박물관,성북구,성북동,37.59446244,126.9962385
옛돌박물관,성북구,성북동,37.600882,126.990191
가구박물관,성북구,성북동,37.60037831,126.9934492
예송미술관,송파구,삼전동,37.50235785,127.0934902
한국광고박물관,송파구,잠실6동,37.51592726,127.0996432
소마미술관,송파구,오륜동,37.51686487,127.1181845
서울올림픽기념관,송파구,오륜동,37.5203397,127.1155179
롯데월드민속박물관,송파구,잠실3동,37.51130961,127.0981418
한미사진미술관,송파구,방이2동,37.51659259,127.1139562
한성백제박물관,송파구,오륜동,37.51542872,127.1208007
몽촌역사관,송파구,오륜동,37.5203397,127.1155179
롯데월드아쿠아리움,송파구,잠실6동,37.51375196,127.1044469
롯데뮤지엄,송파구,잠실6동,37.51375196,127.1044469
송파책박물관,송파구,가락1동,37.49888418,127.1043834
한국잡지박물관,영등포구,여의동,37.51976516,126.9302412
국회박물관,영등포구,여의동,37.53291197,126.9164039
독도체험관,영등포구,영등포동,37.5172332566,126.9037159937
국립중앙박물관,용산구,한강로동,37.52470233,126.9777412
국립한글박물관,용산구,한강로동,37.5247022358,126.9777402465
백범김구기념관,용산구,효창동,37.54427794,126.9592546
전쟁기념관,용산구,남영동,37.53731288,126.9784661
한익환서울아트박물관,용산구,한남동,37.53802833,127.004992
숙명여자대학교 정영양자수박물관,용산구,청파동,37.54547273,126.9650748
숙명여자대학교박물관,용산구,청파동,37.54547273,126.9650748
삼성미술관 Leeum,용산구,한남동,37.53846091,126.999294
숙명여자대학교 문신미술관,용산구,청파동,37.54547273,126.9650748
김세중미술관,용산구,효창동,37.54201614,126.9638815
아모레퍼시픽미술관,용산구,한강로동,37.52879082,126.9686757
용산역사박물관,용산구,한강로동,37.52557465,126.9656016
은평역사한옥박물관,은평구,진관동,37.6403687,126.9380375
다문화박물관,은평구,불광1동,37.6187179,126.9325323
사비나미술관,은평구,진관동,37.6301511,126.9293496
국립민속박물관,종로구,청운효자동,37.57590409,126.9768421
대한민국역사박물관,종로구,종로1·2·3·4가동,37.57371316,126.9783379
국립고궁박물관,종로구,청운효자동,37.57659207,126.9749771
국립경찰박물관,종로구,사직동,37.56887613,126.9687094
국립기상박물관,종로구,사직동,37.57022174,126.9662042
서울교육박물관,종로구,삼청동,37.58126437,126.9838695
서울역사박물관,종로구,사직동,37.57176907,126.9679849
서울우리소리박물관,종로구,종로1·2·3·4가동,37.57715793,126.989622
서울공예박물관,종로구,삼청동,37.57664817,126.9835334
목인박물관,종로구,종로1·2·3·4가동,37.573871,126.9836492
뮤지엄김치간,종로구,종로1·2·3·4가동,37.573514,126.9848673
불교중앙박물관,종로구,종로1·2·3·4가동,37.57389395,126.9818833
신문박물관,종로구,종로1·2·3·4가동,37.56986758,126.9776553
영인문학관,종로구,평창동,37.6118922,126.9717578
의학박물관,종로구,이화동,37.58045239,126.9971964
화정박물관,종로구,평창동,37.604561,126.9660819
가회민화박물관,종로구,가회동,37.58214037,126.9856536
김달진미술자료박물관,종로구,부암동,37.600016,126.9566605
떡박물관,종로구,종로1·2·3·4가동,37.57489958,126.9906359
명인박물관,종로구,가회동,37.58016533,126.9851875
보나장신구박물관,종로구,종로1·2·3·4가동,37.573542,126.9845504
북촌동양문화박물관,종로구,삼청동,37.583986,126.9833708
북촌박물관,종로구,가회동,37.58043197,126.9847663
북촌생활사박물관,종로구,삼청동,37.584425,126.9829948
삼성출판박물관,종로구,평창동,37.608605,126.9570767
세계장신구박물관,종로구,삼청동,37.580936,126.9818046
쇳대박물관,종로구,이화동,37.57980578,127.0046144
쉼박물관,종로구,부암동,37.59950405,126.9556778
유금와당박물관,종로구,부암동,37.5937185,126.9626563
춘원당한방박물관,종로구,종로1·2·3·4가동,37.5715019,126.9902424
한국색동박물관,종로구,종로1·2·3·4가동,37.573843,126.9920895
상명대학교박물관,종로구,평창동,37.61058485,126.975763
짚풀생활사박물관,종로구,혜화동,37.58490549,126.9998415
한무숙문학관,종로구,혜화동,37.58780091,126.9985915
서울대학교 치의학대학원 치의학박물관,종로구,이화동,37.58045239,126.9971964
성균관대학교 박물관,종로구,종로1·2·3·4가동,37.58722985,126.9931161
국립현대미술관(서울관),종로구,삼청동,37.57862929,126.9800889
박노수미술관,종로구,청운효자동,37.5813192,126.966815
고희동미술관,종로구,가회동,37.58318236,126.988957
OCI 미술관,종로구,종로1·2·3·4가동,37.57323807,126.982131
JCC미술관,종로구,혜화동,37.58716156,127.0018885
금호미술관,종로구,삼청동,37.57746518,126.9799126
상원미술관,종로구,평창동,37.61162656,126.976541
성곡미술관,종로구,사직동,37.57350943,126.969703
세종문화회관 미술관(세종미술관),종로구,사직동,37.57184786,126.9761683
아라리오뮤지엄 인스페이스,종로구,가회동,37.57776184,126.9884166
아르코미술관,종로구,이화동,37.58050139,127.003256
아트선재센터,종로구,삼청동,37.57946209,126.981877
아트센터 나비 미술관,종로구,종로1·2·3·4가동,37.56969128,126.980341
일민미술관,종로구,종로1·2·3·4가동,37.56986758,126.9776553
자하미술관,종로구,부암동,37.58937855,126.960398
토탈미술관,종로구,평창동,37.61212012,126.9756765
학아재미술관,종로구,종로1·2·3·4가동,37.577059,126.9904047
환기미술관,종로구,부암동,37.59408714,126.966112
세화미술관,종로구,사직동,37.56964296,126.972186
대림미술관,종로구,사직동,37.57750352,126.9733647
손기정기념관,중구,중림동,37.5554795,126.9648157
서소문성지역사박물관,중구,중림동,37.56056785,126.9688672
농협 농업박물관,중구,소공동,37.56649912,126.9685556
배재학당역사박물관,중구,소공동,37.56378783,126.9720891
샬트르성바오로수녀회 역사박물관,중구,명동,37.56222799,126.987827
안중근의사기념관,중구,회현동,37.55346849,126.9804043
우리은행 은행사박물관,중구,회현동,37.55943907,126.9817507
이화박물관,중구,소공동,37.56617664,126.9713244
종이나라박물관,중구,장충동,37.55964972,127.0061539
초전섬유퀼트박물관,중구,명동,37.55812812,126.9842295
한국금융사박물관,중구,명동,37.56859523,126.9764331
한국은행 화폐금융박물관,중구,소공동,37.5625152,126.9797235
한국현대문학관,중구,장충동,37.55962115,127.0041031
동국대학교 박물관,중구,필동,37.55893664,126.9987376
